trade_date,market,financing_balance,financing_buy,securities_lending_balance,margin_total,source_id
2025-07-18,SSE,819182131224.0736,31945499561.43873,2457594966.541113,821655917146.912,mock_margin
2025-07-18,SZSE,720914156254.2378,28118842957.17665,2163206957.637732,723232192836.8815,mock_margin
2025-07-21,SSE,818049903802.1742,32575329138.04552,2454284397.8061337,820549083666.5173,mock_margin
2025-07-21,SZSE,719843965402.981,28675807824.19313,2160487387.223584,722322949795.085,mock_margin
2025-07-22,SSE,817464760961.847,32817165268.901844,2453197161.1207094,820185584201.357,mock_margin
2025-07-22,SZSE,719791213251.5869,28889560955.25416,2159595088.1416507,722024624468.6918,mock_margin
2025-07-23,SSE,817152059854.7688,33071564906.851955,2452123284.761044,819826551538.4423,mock_margin
2025-07-23,SZSE,719385702643.8788,29114387106.65239,2158714495.2725725,721730212919.4633,mock_margin
2025-07-24,SSE,816869957222.1492,33336339094.107952,2451065851.480782,819473016345.0747,mock_margin
2025-07-24,SZSE,719429958914.9103,29348360178.52266,2157848323.640596,721440622870.5059,mock_margin
2025-07-25,SSE,816659251687.7048,33609218213.1776,2450027902.779197,819125995495.8448,mock_margin
2025-07-25,SZSE,719157676046.0613,29589482827.1758,2156999252.275452,721156750010.7594,mock_margin
2025-07-28,SSE,815870875317.7327,34452981610.33655,2447060621.962382,818133934609.4229,mock_margin
2025-07-28,SZSE,718323113427.3579,30335060324.755974,2154580768.222765,720348170175.8112,mock_margin
2025-07-29,SSE,815380795183.7827,34734645125.41879,2446129972.318109,817822787411.6876,mock_margin
2025-07-29,SZSE,718041538603.2875,30583976096.955696,2153825966.359918,720095814752.9991,mock_margin
2025-07-30,SSE,814970098317.7662,35012533420.2046,2445233168.9981275,817522956168.3739,mock_margin
2025-07-30,SZSE,718283686882.64,30829582582.66991,2153100919.9696727,719853407576.5271,mock_margin
2025-07-31,SSE,815005853122.5605,35284302061.721886,2444372872.134513,817235330250.3053,mock_margin
2025-07-31,SZSE,717273132973.1635,31069815078.12329,2152407974.1282606,719621732683.5483,mock_margin
2025-08-01,SSE,814493280024.8593,35547662625.31574,2443551657.6266108,816960770866.4967,mock_margin
2025-08-01,SZSE,717302315082.4712,31302657951.74733,2151749400.019282,719401549406.4464,mock_margin
2025-08-04,SSE,813827618456.5844,36265639649.24505,2441346892.290112,816223644322.3274,mock_margin
2025-08-04,SZSE,716651376841.7029,31937770392.61812,2150001413.1507688,718817139130.0735,mock_margin
2025-08-05,SSE,813352857070.5117,36474243417.66814,2440705897.855252,816009338516.2722,mock_margin
2025-08-05,SZSE,716635316534.7639,32122443461.34832,2149501397.790667,718649967328.0131,mock_margin
2025-08-06,SSE,813394022383.6898,36664465486.63522,2440115421.2253942,815811922496.3568,mock_margin
2025-08-06,SZSE,716056404699.3024,32290938546.5432,2149045842.274261,718497659933.6947,mock_margin
2025-08-07,SSE,813163217961.9362,36834718192.03976,2439577427.7569675,815632053346.746,mock_margin
2025-08-07,SZSE,716234357340.9421,32441855870.3894,2148636481.574888,718360797006.5375,mock_margin
2025-08-08,SSE,813264012827.641,36983582193.604965,2439093765.701588,815470348999.5642,mock_margin
2025-08-08,SZSE,716123697768.9785,32573943741.373417,2148274947.731712,718239924191.6356,mock_margin
2025-08-11,SSE,813012437130.5679,37290402250.24206,2437985417.442239,815099791231.5217,mock_margin
2025-08-11,SZSE,716030823064.1525,32847137038.935665,2147492015.995408,717978164014.4645,mock_margin
2025-08-12,SSE,812158871716.7034,37343251827.54128,2437735096.345628,815016100544.8881,mock_margin
2025-08-12,SZSE,715771876915.1344,32894676253.32635,2147335940.5331795,717925982784.9263,mock_margin
2025-08-13,SSE,812733742423.1965,37370486715.64989,2437546469.874028,814953036427.8833,mock_margin
2025-08-13,SZSE,715655758388.8031,32919654315.935368,2147234200.556387,717891967719.3519,mock_margin
2025-08-14,SSE,812406705083.0261,37371883091.661606,2437420614.4325566,814910958758.618,mock_margin
2025-08-14,SZSE,715778644681.1471,32921872024.63243,2147187749.1892743,717876437478.9473,mock_margin
2025-08-15,SSE,812352928401.1678,37347432280.01628,2437358468.718617,814890181374.9241,mock_margin
2025-08-15,SZSE,715907680556.649,32901319688.13066,2147197418.356196,717879670203.7548,mock_margin
2025-08-18,SSE,812589068324.5201,37122125817.689926,2437561573.9801745,814958086234.0382,mock_margin
2025-08-18,SZSE,716047468873.4684,32705778749.20481,2147569617.0440936,718004108631.742,mock_margin
2025-08-19,SSE,812280399053.7927,36998467605.719215,2437760840.3711843,815024707630.7659,mock_margin
2025-08-19,SZSE,715942473937.5691,32597809833.698235,2147809610.422148,718084346417.8048,mock_margin
2025-08-20,SSE,812562284211.8041,36852087473.73102,2438026388.6067367,815113489257.5189,mock_margin
2025-08-20,SZSE,715895048138.0914,32469814471.95307,2148108016.193523,718184113414.0344,mock_margin
2025-08-21,SSE,812942483120.9177,36684209030.26567,2438358301.5656886,815224458823.4617,mock_margin
2025-08-21,SZSE,716532984770.7523,32322868997.095818,2148464912.6403155,718303435792.7454,mock_margin
2025-08-22,SSE,813080064629.2821,36496236193.05458,2438756517.15693,815357595569.4668,mock_margin
2025-08-22,SZSE,716023996024.5156,32158208748.74457,2148880250.315201,718442297022.0487,mock_margin
2025-08-25,SSE,813282675948.0387,35828250034.79179,2440346187.8928766,815889075485.5183,mock_margin
2025-08-25,SZSE,716975390964.329,31572462371.276142,2150474503.089494,718975308866.2543,mock_margin
2025-08-26,SSE,813488854757.9963,35577124366.2975,2441006102.3684893,816109706891.8649,mock_margin
2025-08-26,SZSE,716990234447.7953,31352106716.6391,2151120563.5810823,719191308423.9419,mock_margin
2025-08-27,SSE,814143637640.0588,35315190354.12548,2441729847.06112,816351678867.4343,mock_margin
2025-08-27,SZSE,717573784111.403,31122212744.56377,2151822912.547604,719426127095.082,mock_margin
2025-08-28,SSE,814227252265.2672,35044654212.37011,2442516501.5345435,816614683679.7156,mock_margin
2025-08-28,SZSE,717525699397.0189,30884723925.492443,2152580743.876376,719679495369.3348,mock_margin
2025-08-29,SSE,814659655692.1006,34767799132.46004,2443365006.816626,816898367279.0253,mock_margin
2025-08-29,SZSE,717826549900.3273,30641651805.013573,2153393129.262832,719951102883.5399,mock_margin
2025-09-01,SSE,815486780416.0687,33922917434.768696,2446269004.3592386,817869270457.4386,mock_margin
2025-09-01,SZSE,718706871014.7122,29899729211.388542,2156146532.773973,720871657457.4316,mock_margin
2025-09-02,SSE,815601495307.7274,33644505086.86862,2447351629.3309,818231228072.9641,mock_margin
2025-09-02,SZSE,718698873452.779,29655225638.6391,2157165474.6446376,721212323689.5237,mock_margin
2025-09-03,SSE,816077737367.5975,33371686373.82249,2448488812.924122,818611426454.298,mock_margin
2025-09-03,SZSE,719464382025.2466,29415637905.63521,2158232566.678791,721569088126.2758,mock_margin
2025-09-04,SSE,816568969223.3892,33106807711.62822,2449678717.176596,819009251109.375,mock_margin
2025-09-04,SZSE,719626061961.5961,29183034777.49816,2159346193.077755,721941410552.3293,mock_margin
2025-09-05,SSE,816943915165.8981,32852158337.625137,2450919385.50848,819424047888.3351,mock_margin
2025-09-05,SZSE,719896321497.4274,28959434864.142857,2160504633.2864094,722328715728.7562,mock_margin
2025-09-08,SSE,818192374572.4208,32171229754.71234,2454924713.6536427,820763162598.201,mock_margin
2025-09-08,SZSE,721539615285.442,28361743427.49722,2164230133.3621883,723574274587.4248,mock_margin
2025-09-09,SSE,818971342396.4218,31978600725.705315,2456346642.051022,821238560659.0582,mock_margin
2025-09-09,SZSE,721986500010.9547,28192769917.170643,2165548652.680512,724015099546.1843,mock_margin
2025-09-10,SSE,819456559398.8405,31806153541.26948,2457807917.7405767,821727113831.266,mock_margin
2025-09-10,SZSE,722147579133.0482,28041579365.57173,2166901939.3126574,724467548376.8651,mock_margin
2025-09-11,SSE,819786106536.4218,31655463635.210777,2459305963.0940924,822227960327.7915,mock_margin
2025-09-11,SZSE,722448340836.5314,27909562380.88493,2168287723.7757387,724930862315.6886,mock_margin
2025-09-12,SSE,820511838699.624,31527934056.71678,2460838114.3230624,822740209555.3438,mock_margin
2025-09-12,SZSE,723200416894.9395,27797957747.76829,2169703660.347414,725404257109.4852,mock_margin
2025-09-15,SSE,822043330820.986,31295508263.509525,2465611391.116981,824336075096.7775,mock_margin
2025-09-15,SZSE,724687701501.7291,27595513044.77253,2174107885.834934,726876736497.4796,mock_margin
2025-09-16,SSE,822480899754.2992,31270810524.90158,2467251803.5540004,824884519654.8875,mock_margin
2025-09-16,SZSE,724845521072.4025,27574562486.87475,2175619623.731142,727382160867.4451,mock_margin
2025-09-17,SSE,823071192418.395,31273331793.60308,2468911912.095726,825439549277.3375,mock_margin
2025-09-17,SZSE,725696124326.6432,27577613054.51488,2177148818.898325,727893421785.0065,mock_margin
2025-09-18,SSE,822928816007.2023,31303240470.195427,2470588659.63322,826000141870.7065,mock_margin
2025-09-18,SZSE,725892716865.0818,27604815412.220703,2178692776.986964,728409618439.3083,mock_margin
2025-09-19,SSE,823755159818.9868,31360481137.31533,2472278945.820493,826565260885.9849,mock_margin
2025-09-19,SZSE,726677282103.596,27656122862.317017,2180248765.1943083,728929837163.297,mock_margin
2025-09-22,SSE,825847642260.416,31692287515.39945,2477399527.911596,828277242165.11,mock_margin
2025-09-22,SZSE,728224938264.2649,27951251154.19179,2184961132.271881,730505338556.2322,mock_margin
2025-09-23,SSE,826059673195.9119,31853849223.005703,2479112341.0440683,828849892689.0667,mock_margin
2025-09-23,SZSE,728767923318.7301,28094584541.30859,2186537355.8232703,731032322630.2467,mock_margin
2025-09-24,SSE,826851547145.7937,32039157835.00584,2480822784.705497,829421751019.8711,mock_margin
2025-09-24,SZSE,729321127980.7025,28258871520.8616,2188111582.084784,731558638943.6794,mock_margin
2025-09-25,SSE,827558240167.151,32246870085.682884,2482527645.9196987,829991742952.4858,mock_margin
2025-09-25,SZSE,729952074856.4406,28442929168.393787,2189680976.9089274,732083339946.5513,mock_margin
2025-09-26,SSE,828095526061.1792,32475453990.072865,2484223718.2709484,830558796475.2537,mock_margin
2025-09-26,SZSE,730575031959.8555,28645407955.049507,2191242711.594857,732605479909.8805,mock_margin
2025-09-29,SSE,829688444812.9375,33268545868.02772,2489227391.692079,832231691289.0518,mock_margin
2025-09-29,SZSE,732140824774.4702,29347606404.76833,2195853886.5251,734147149394.8916,mock_margin
2025-09-30,SSE,829978142534.6356,33561970616.25371,2490856634.543694,832776401482.4415,mock_margin
2025-09-30,SZSE,732322557617.1764,29607337124.67969,2197357031.010123,734649700701.0509,mock_margin
2025-10-01,SSE,830650695342.258,33866244584.933346,2492461413.7615223,833312932667.6022,mock_margin
2025-10-01,SZSE,732846199045.7996,29876654537.62733,2198838681.996892,735145066014.2942,mock_margin
2025-10-02,SSE,830715537076.8677,34179003256.27742,2494038717.476564,833840277876.331,mock_margin
2025-10-02,SZSE,733235599907.3307,30153473475.77647,2200296180.4094434,735632356316.8905,mock_margin
2025-10-03,SSE,831944328532.8481,34497804791.69113,2495585591.8445487,834357449540.0273,mock_margin
2025-10-03,SZSE,733998173147.5627,30435640304.843464,2201726918.04507,736110699599.7351,mock_margin
2025-10-06,SSE,833204489679.1162,35465312137.20534,2500015119.554346,835838388304.3362,mock_margin
2025-10-06,SZSE,735167741130.6514,31292038471.741764,2205833378.778074,737483626304.8025,mock_margin
2025-10-07,SSE,833823560313.4714,35783030908.25543,2501412145.3306484,836305460588.88,mock_margin
2025-10-07,SZSE,735228688384.6356,31573317829.76845,2207132226.732272,737917874470.8228,mock_margin
2025-10-08,SSE,834045741357.5631,36094139555.44927,2502765087.752141,836757794338.4657,mock_margin
2025-10-08,SZSE,736238176340.2119,31848781389.234447,2208392252.3204184,738339143025.7931,mock_margin
2025-10-09,SSE,835227402711.3042,36396165870.40385,2504071485.960307,837194566806.0625,mock_margin
2025-10-09,SZSE,736776018466.779,32116247130.909588,2209611280.565166,738746704802.287,mock_margin
2025-10-10,SSE,835058480429.7788,36686705966.93126,2505328983.856527,837614990269.3654,mock_margin
2025-10-10,SZSE,736781606727.6265,32373593063.57004,2210787228.672058,739139863452.6914,mock_margin
2025-10-13,SSE,836264248085.8541,37466814263.72282,2508786208.1726904,838770855599.0695,mock_margin
2025-10-13,SZSE,738070435506.068,33064962783.90132,2214037254.9985905,740226455587.862,mock_margin
2025-10-14,SSE,836592222668.9252,37689428649.18888,2509826840.071844,839118773530.6863,mock_margin
2025-10-14,SZSE,738109874238.1781,33262420802.77601,2215022076.180184,740555714136.2413,mock_margin
2025-10-15,SSE,837166149977.4615,37890241804.16044,2510808559.841095,839446995173.5394,mock_margin
2025-10-15,SZSE,738992914331.0543,33440649608.73876,2215954960.600138,740867608493.9795,mock_margin
2025-10-16,SSE,837343361773.5466,38067654170.44803,2511729754.403408,839754981222.2059,mock_margin
2025-10-16,SZSE,738601748560.7444,33598235712.135445,2216834479.891372,741161661110.3485,mock_margin
2025-10-17,SSE,837635028745.4841,38220255764.34294,2512588950.8563285,840042239236.2991,mock_margin
2025-10-17,SZSE,738951786889.9344,33733932775.877007,2217659329.23646,741437435741.3898,mock_margin
2025-10-20,SSE,838272420139.0111,38518181212.22566,2514782002.2729707,840775449426.5964,mock_margin
2025-10-20,SZSE,740132234266.6183,33999947363.34083,2219794731.1286707,742151371774.0187,mock_margin
2025-10-21,SSE,838315580832.5996,38561617571.99951,2515381405.879531,840975850032.3896,mock_margin
2025-10-21,SZSE,740258831222.4277,34039309744.358795,2220390434.6094146,742350535304.4142,mock_margin
2025-10-22,SSE,838801185784.9808,38576398068.25285,2515913669.4298034,841153803479.3641,mock_margin
2025-10-22,SZSE,740324187550.3018,34053378446.194687,2220926903.840604,742529894850.7084,mock_margin
2025-10-23,SSE,838968699794.5364,38562441277.41942,2516378227.77594,841309120819.7559,mock_margin
2025-10-23,SZSE,740613834787.7899,34042079313.33532,2221403634.589372,742689281831.0465,mock_margin
2025-10-24,SSE,838898309747.9102,38519901460.857216,2516774674.597247,841441666207.0128,mock_margin
2025-10-24,SZSE,740561148558.059,34005546245.24089,2221820262.77601,742828574521.4458,mock_margin
2025-10-27,SSE,839406829088.6809,38225822121.62847,2517553684.9547567,841702115336.5403,mock_margin
2025-10-27,SZSE,740847762972.988,33748968921.99226,2222708011.423289,743125378485.8528,mock_margin
2025-10-28,SSE,839090485720.5941,38075121923.80094,2517676828.2197914,841743286234.8168,mock_margin
2025-10-28,SZSE,740808379796.4891,33616926612.59444,2222883418.150988,743184022801.8135,mock_margin
2025-10-29,SSE,839821375403.3083,37900033104.65495,2517732234.168149,841761810290.2179,mock_margin
2025-10-29,SZSE,740913462764.4022,33463342733.24846,2222999025.617426,743222674231.4259,mock_margin
2025-10-30,SSE,839512859424.8112,37702029562.73164,2517720457.6780057,841757873017.0131,mock_margin
2025-10-30,SZSE,740837350552.3561,33289516744.18576,2223055318.37736,743241494777.4972,mock_margin
2025-10-31,SSE,839227623208.3743,37482771801.53751,2517642211.333363,841731712655.7876,mock_margin
2025-10-31,SZSE,740926779162.737,33096913032.01189,2223052920.2966905,743240693019.1935,mock_margin
2025-11-03,SSE,838860323767.5822,36716571604.136986,2517018103.8938365,841523052735.1726,mock_margin
2025-11-03,SZSE,740840019402.8186,32423283876.60984,2222701873.829658,743123326483.7156,mock_margin
2025-11-04,SSE,838787672377.9966,36432111708.7468,2516684186.559008,841411413039.5616,mock_margin
2025-11-04,SZSE,740540475901.8462,32173051201.12388,2222473674.8318176,743047031952.1042,mock_margin
2025-11-05,SSE,838784688422.8999,36136958354.16387,2516289650.870746,841279506607.7859,mock_margin
2025-11-05,SZSE,740696619157.0695,31913359848.19648,2222191926.7114487,742952834163.861,mock_margin
2025-11-06,SSE,838545847087.1575,35833550008.77512,2515836104.042824,841127870784.9839,mock_margin
2025-11-06,SZSE,740643994816.6874,31646362498.03537,2221858044.0589094,742841206063.6953,mock_margin
2025-11-07,SSE,838262402779.5095,35524387744.61982,2515325290.275664,840957088715.4968,mock_margin
2025-11-07,SZSE,740603353158.3591,31374267379.23417,2221473562.61785,742712661101.9011,mock_margin
2025-11-10,SSE,837519374977.4757,34587883227.98564,2513468649.488832,840336351812.4327,mock_margin
2025-11-10,SZSE,739941315843.6504,30549918943.801243,2220033617.0772176,742231239309.483,mock_margin
2025-11-11,SSE,837663403096.0663,34281226247.781067,2512748789.0227056,840095678463.2577,mock_margin
2025-11-11,SZSE,739914861607.1448,30279971034.71769,2219464379.6924944,742040924277.1904,mock_margin
2025-11-12,SSE,837433084267.8904,33981516259.87499,2511982272.451094,839839406422.8157,mock_margin
2025-11-12,SZSE,739435455977.4365,30016143234.49952,2218853894.4463515,741836818709.8967,mock_margin
2025-11-13,SSE,836820748465.7936,33691183741.7197,2511171562.761339,839568359149.8743,mock_margin
2025-11-13,SZSE,739582635796.682,29760583019.140667,2218204333.2695737,741619648756.4607,mock_margin
2025-11-14,SSE,836687001637.8214,33412574500.620148,2510319222.9227214,839283393530.4963,mock_margin
2025-11-14,SZSE,739375015342.7687,29515363328.00174,2217517956.673944,741390170181.3218,mock_margin
2025-11-17,SSE,836018029401.2689,32668875227.98565,2507539418.0904813,838354012114.9174,mock_margin
2025-11-17,SZSE,738328683038.5062,28861005810.65629,2215261750.2412057,740635845163.9763,mock_margin
2025-11-18,SSE,835474738348.4998,32458267975.92702,2506547962.1448026,838022535343.7455,mock_margin
2025-11-18,SZSE,737974303734.3632,28675807106.573784,2214452290.527284,740365215799.6217,mock_margin
2025-11-19,SSE,834890303418.8894,32269202462.127064,2505528963.247539,837681850045.7604,mock_margin
2025-11-19,SZSE,737867088882.6385,28509629249.23817,2213618446.233732,740086433857.4775,mock_margin
2025-11-20,SSE,834585095620.1824,32103148589.458725,2504485445.462239,837332967266.2084,mock_margin
2025-11-20,SZSE,737614235985.4971,28363772639.583435,2212762886.988665,739800391883.2102,mock_margin
2025-11-21,SSE,834404772048.325,31961381007.06713,2503420485.1535616,836976915536.3407,mock_margin
2025-11-21,SZSE,737457424744.3335,28239365318.7496,2211888328.951152,739507997979.335,mock_margin
2025-11-24,SSE,833508455111.0061,31691417396.73412,2500128343.535731,835876242855.4459,mock_margin
2025-11-24,SZSE,736355691212.0028,28003360113.203056,2209178385.9585857,738601973705.487,mock_margin
2025-11-25,SSE,832833060121.7039,31655325910.95433,2499009166.1254826,835502064541.2861,mock_margin
2025-11-25,SZSE,736235225208.6127,27972307894.952488,2208255698.387249,738293488494.137,mock_margin
2025-11-26,SSE,832422205453.3346,31646679959.702675,2497884455.2410383,835126036202.2537,mock_margin
2025-11-26,SZSE,735779246277.1844,27965506831.13045,2207328063.650507,737983349280.4861,mock_margin
2025-11-27,SSE,832332067900.672,31665437161.05717,2496757446.22395,834749239520.8739,mock_margin
2025-11-27,SZSE,735601683840.2422,27982921651.31974,2206398340.39485,737672511805.3447,mock_margin
2025-11-28,SSE,831933279378.7999,31711328675.514816,2495631374.959678,834372756361.5189,mock_margin
2025-11-28,SZSE,735122402081.7767,28024316952.92124,2205469388.0905085,737361932084.9265,mock_margin
2025-12-01,SSE,830889847982.9528,32005800077.05758,2492291000.8523297,833255957951.6288,mock_margin
2025-12-01,SZSE,734357839001.8698,28287096487.33004,2202715627.976125,736441258286.6844,mock_margin
2025-12-02,SSE,830383784728.8289,32153155172.831745,2491200794.605134,832891465662.9832,mock_margin
2025-12-02,SZSE,733822512236.4868,28418183158.912464,2201818144.632242,736141199688.7129,mock_margin
2025-12-03,SSE,830136689515.7526,32323072244.48632,2490127459.0845857,832532613820.613,mock_margin
2025-12-03,SZSE,733963513025.1644,28569219402.198025,2200935516.894149,735846107814.9436,mock_margin
2025-12-04,SSE,829868655868.4016,32514049212.139065,2489074081.9154024,832180434720.3827,mock_margin
2025-12-04,SZSE,733714629343.523,28738879337.25419,2200070475.2254205,735556895550.3655,mock_margin
2025-12-05,SSE,829307426375.7047,32724414897.82389,2488043701.711117,831835944272.0834,mock_margin
2025-12-05,SZSE,733174991807.0287,28925687456.154182,2199225707.0953603,735274461405.5487,mock_margin
2025-12-08,SSE,828048688095.3807,33452904718.996136,2485120056.695175,830858472288.4202,mock_margin
2025-12-08,SZSE,732244238139.4355,29572273841.6206,2196839152.331127,734476556596.04,mock_margin
2025-12-09,SSE,828346667326.2773,33721256583.463387,2484210843.2393103,830554491923.0093,mock_margin
2025-12-09,SZSE,732331785216.5187,29810390434.62251,2196101292.239588,734229865372.102,mock_margin
2025-12-10,SSE,827936150185.5693,33998644832.725044,2483338860.0563354,830262958878.8347,mock_margin
2025-12-10,SZSE,731427903649.1083,30056509906.30682,2195396299.33001,733994162742.6666,mock_margin
2025-12-11,SSE,827253663337.6184,34282721513.2088,2482506719.456408,829984746538.2589,mock_margin
2025-12-11,SZSE,731236388156.1487,30308557205.125004,2194726486.045224,733770221834.4531,mock_margin
2025-12-12,SSE,827528811858.7749,34571090157.59242,2481716942.422898,829720697750.0554,mock_margin
2025-12-12,SZSE,731364474255.3975,30564414139.31009,2194094084.363068,733558788872.0524,mock_margin
2025-12-15,SSE,826593490812.3638,35437671226.06919,2479625524.3511167,829021466974.7233,mock_margin
2025-12-15,SZSE,730465337381.2786,31333381180.18717,2192442365.7235074,733006564273.5592,mock_margin
2025-12-16,SSE,826431644071.1974,35718966373.20705,2479028406.541516,828821830587.0466,mock_margin
2025-12-16,SZSE,730789837682.915,31583045002.51542,2191980162.814689,732852034434.3776,mock_margin
2025-12-17,SSE,826060179227.3165,35992537155.35722,2478484712.256425,828640055464.398,mock_margin
2025-12-17,SZSE,730827652156.1304,31825893615.841904,2191565169.198493,732713288235.3628,mock_margin
2025-12-18,SSE,825903902805.8395,36256111054.700455,2477996312.8181405,828476767252.1981,mock_margin
2025-12-18,SZSE,730295061807.5708,32059916903.983727,2191199043.865131,732590880332.2421,mock_margin
2025-12-19,SSE,826145050572.7158,36507503287.7274,2477564956.5924807,828332550487.4193,mock_margin
2025-12-19,SZSE,730190113437.3488,32283182092.05889,2190883337.274584,732485329095.469,mock_margin
2025-12-22,SSE,825396346457.5549,37168422725.58767,2476628714.555839,828019533566.5021,mock_margin
2025-12-22,SZSE,729848305601.0576,32870584073.446594,2190252542.63685,732274433421.5867,mock_margin
2025-12-23,SSE,825376492564.1493,37351593827.01421,2476440438.284652,827956586533.1685,mock_margin
2025-12-23,SZSE,730241272407.9086,33033565826.73884,2190151740.590753,732240731937.5084,mock_margin
2025-12-24,SSE,825637203476.8593,37513559940.6079,2476315989.03106,827914978999.3843,mock_margin
2025-12-24,SZSE,730003554437.2643,33177803179.9626,2190107380.5189905,732225900886.8491,mock_margin
2025-12-25,SSE,825120815300.8196,37652998351.38023,2476256312.9880085,827895027308.9907,mock_margin
2025-12-25,SZSE,730171423011.318,33302124572.83848,2190120304.3603435,732230221757.808,mock_margin
2025-12-26,SSE,825153246630.6716,37768774979.91668,2476262214.451174,827897000364.8423,mock_margin
2025-12-26,SZSE,730017808331.3057,33405525147.987858,2190191228.6497803,732253934111.9097,mock_margin
2025-12-29,SSE,825632302716.6996,37965802916.57127,2476679266.652828,828036434817.5952,mock_margin
2025-12-29,SZSE,730323633703.0468,33582813686.351566,2190757260.043304,732443177274.4778,mock_margin
2025-12-30,SSE,825928182510.1857,37979649280.17325,2476952632.910374,828127830269.7017,mock_margin
2025-12-30,SZSE,730455049742.8599,33596069413.583748,2191064798.296009,732545997563.6322,mock_margin
2025-12-31,SSE,825541693125.6345,37967255068.59037,2477293423.402237,828241767890.8143,mock_margin
2025-12-31,SZSE,730603092124.7238,33586113299.988003,2191431997.003511,732668764331.5071,mock_margin
2026-01-01,SSE,825825298416.437,37928752041.17011,2477701567.2240705,828378223975.2476,mock_margin
2026-01-01,SZSE,730576160039.8445,33553059815.21779,2191858798.8101754,732811458402.2018,mock_margin
2026-01-02,SSE,826104252553.4167,37864489524.95404,2478176846.280732,828537125606.5247,mock_margin
2026-01-02,SZSE,730938950678.318,33497215916.320164,2192345016.139282,732974017062.5665,mock_margin
2026-01-05,SSE,826820397678.4891,37523832609.0676,2480001116.034368,829147039794.157,mock_margin
2026-01-05,SZSE,731460016319.5558,33198837980.61468,2194156340.6045265,733579603208.7799,mock_margin
2026-01-06,SSE,826853309439.7949,37364245588.17312,2480739830.566356,829394016686.0182,mock_margin
2026-01-06,SZSE,731419911044.8693,33058636694.114445,2194875756.2301946,733820127832.9615,mock_margin
2026-01-07,SSE,827125872847.875,37183754597.04188,2481542405.280651,829662344165.4976,mock_margin
2026-01-07,SZSE,732271743950.06,32899931275.90428,2195651716.098369,734079557082.2213,mock_margin
2026-01-08,SSE,827610725359.7268,36983898539.17376,2482407756.8847146,829951660051.7894,mock_margin
2026-01-08,SZSE,732062090023.4282,32724081713.08752,2196483266.7776537,734357572192.6621,mock_margin
2026-01-09,SSE,827903868240.8442,36766380389.27841,2483334663.5215654,830261555837.3766,mock_margin
2026-01-09,SZSE,732775045420.4213,32532593333.86086,2197369332.113709,734653813370.0167,mock_margin
2026-01-12,SSE,828963041975.5728,36027049899.808784,2486470468.066061,831309959823.4197,mock_margin
2026-01-12,SZSE,733199371170.7216,31881268717.45784,2200342058.8389063,735647695005.141,mock_margin
2026-01-13,SSE,829614310128.6976,35758693139.677666,2487628693.3383107,831697193139.4418,mock_margin
2026-01-13,SZSE,733777760024.9298,31644742204.256912,2201433044.354062,736012447829.0414,mock_margin
2026-01-14,SSE,829904452066.3036,35483133165.36746,2488840378.099453,832102299744.5837,mock_margin
2026-01-14,SZSE,734340179124.7024,31401826777.465725,2202571403.872586,736393039361.4011,mock_margin
2026-01-15,SSE,830029463031.4631,35202732525.084625,2490103528.2517843,832524612945.5132,mock_margin
2026-01-15,SZSE,734717748995.037,31154612730.92544,2203755376.867833,736788880999.4789,mock_margin
2026-01-16,SSE,830456092269.4624,34919900891.716286,2491416033.3702006,832963427156.7704,mock_margin
2026-01-16,SZSE,735192202228.1456,30905232316.20461,2204983099.6481576,737199349649.0339,mock_margin
2026-01-19,SSE,832107969176.266,34081210082.60324,2495626920.0861726,834371266948.8103,mock_margin
2026-01-19,SZSE,736419682919.4916,30165678838.75137,2208908662.2863064,738511796091.055,mock_margin
2026-01-20,SSE,832316118464.8562,33813002585.41997,2497113567.80602,834868302836.479,mock_margin
2026-01-20,SZSE,736656512176.5624,29929183098.77199,2210290819.352442,738973897270.1664,mock_margin
2026-01-21,SSE,833068287994.2854,33554426366.13375,2498637430.444876,835377780912.0702,mock_margin
2026-01-21,SZSE,737548558337.3241,29701198410.23401,2211705998.69896,739447038898.352,mock_margin
2026-01-22,SSE,833522758425.3993,33307757549.188484,2500195797.2082205,835898794866.615,mock_margin
2026-01-22,SZSE,737786631415.5074,29483740345.553,2213151803.7222548,739930419711.1404,mock_margin
2026-01-23,SSE,834003126658.4739,33075181606.51805,2501785875.7177086,836430411114.9539,mock_margin
2026-01-23,SZSE,738270946945.6946,29278744471.741688,2214625765.3114824,740423214202.4722,mock_margin
2026-01-26,SSE,835440884862.4504,32482127274.65,2506717358.8073125,838079170294.5781,mock_margin
2026-01-26,SZSE,739995965293.8135,28756350086.641327,2219190920.860053,741949497874.2112,mock_margin
2026-01-27,SSE,836139381954.1748,32325341695.920856,2508404938.376656,838643384397.262,mock_margin
2026-01-27,SZSE,740091951304.9962,28618406725.69684,2220751552.5897264,742471269082.4984,mock_margin
2026-01-28,SSE,836765220146.7803,32191607109.47948,2510109256.25564,839213194674.802,mock_margin
2026-01-28,SZSE,740591203454.2504,28500863275.295746,2222327095.236254,742998025507.3209,mock_margin
2026-01-29,SSE,837101288284.5273,32082213902.96163,2511827160.4768577,839787547319.4293,mock_margin
2026-01-29,SZSE,741399777443.8495,28404864051.75684,2223914759.457081,743528834578.484,mock_margin
2026-01-30,SSE,837703872854.1653,31998255529.956,2513555462.422569,840365376269.9454,mock_margin
2026-01-30,SZSE,742167617862.2814,28331379142.44216,2225511723.124496,744062752764.623,mock_margin
2026-02-02,SSE,839413541766.2412,31906775224.01794,2518770467.4163947,842108926272.8811,mock_margin
2026-02-02,SZSE,743540496979.2742,28252924774.736378,2230329829.357843,745673606281.972,mock_margin
2026-02-03,SSE,840169385344.8551,31931243421.17914,2520507989.990625,842689837986.8655,mock_margin
2026-02-03,SZSE,743992518987.0692,28275439211.411587,2231935334.08056,746210380027.6002,mock_margin
2026-02-04,SSE,840711831038.2128,31983375352.1389,2522239667.78421,843268795595.8542,mock_margin
2026-02-04,SZSE,744367298318.1031,28322452224.70237,2233535757.359961,746745454877.3469,mock_margin
2026-02-05,SSE,841397664261.8876,32062937019.573967,2523962243.771857,843844710167.724,mock_margin
2026-02-05,SZSE,745034212461.2499,28393758800.02298,2235128214.432526,747277866358.6079,mock_margin
2026-02-06,SSE,841786732167.1538,32169465805.794613,2525672475.500527,844416497642.3428,mock_margin
2026-02-06,SZSE,745500159320.1881,28488951434.18401,2236709833.093621,747806654197.6338,mock_margin
2026-02-09,SSE,843580982884.2493,32642874323.9457,2530697057.226335,846096382799.3379,mock_margin
2026-02-09,SZSE,747290253117.0955,28910799053.415,2241361264.9566307,749361782917.1667,mock_margin
2026-02-10,SSE,844291247338.475,32848215440.68344,2532326042.125669,846641006750.6819,mock_margin
2026-02-10,SZSE,747807934870.434,29093536216.087704,2242871292.370954,749866635416.0222,mock_margin
2026-02-11,SSE,844547756872.6998,33074949812.435253,2533926952.0983634,847176244318.2194,mock_margin
2026-02-11,SZSE,748088418429.5118,29295232808.052902,2244356541.772055,750363203799.1237,mock_margin
2026-02-12,SSE,845233587112.4048,33321369891.497856,2535496789.4919734,847701093286.8163,mock_margin
2026-02-12,SZSE,748420795423.6265,29514378076.110767,2245814355.757486,750850599608.2527,mock_margin
2026-02-13,SSE,846047167823.2021,33585598378.356026,2537032623.223175,848214573697.6149,mock_margin
2026-02-13,SZSE,748741996493.5267,29749310723.61672,2247242135.571356,751327953992.69,mock_margin
2026-02-16,SSE,847384301487.3368,34464140876.36135,2541407938.513257,849677387442.9324,mock_margin
2026-02-16,SZSE,750529914135.9521,30530250018.291,2251320293.7403684,752691418207.1964,mock_margin
2026-02-17,SSE,847579400940.3043,34777990113.851395,2542780024.016991,850136121363.0139,mock_margin
2026-02-17,SZSE,750594851566.6517,30809199365.17638,2252603340.36744,753120383462.8473,mock_margin
2026-02-18,SSE,848115597858.4899,35098287351.48112,2544104692.6223087,850579002233.3917,mock_margin
2026-02-18,SZSE,751055883129.2812,31093877761.151028,2253844454.9098654,753535329424.8649,mock_margin
2026-02-19,SSE,848683106617.64,35422496173.513084,2545379556.4502864,851005231706.5457,mock_margin
2026-02-19,SZSE,751925474953.0358,31382038620.930058,2255041518.084143,753935547546.1318,mock_margin
2026-02-20,SSE,849132021561.6548,35748039558.70451,2546602340.357498,851414049126.1903,mock_margin
2026-02-20,SZSE,751893642293.5624,31671399114.674923,2256192510.2320337,754320362587.5764,mock_margin
2026-02-23,SSE,849792297123.7872,36706750165.09721,2549937270.399664,852529027403.6208,mock_margin
2026-02-23,SZSE,753092356726.2458,32523707135.12196,2259350463.399742,755376171596.6471,mock_margin
2026-02-24,SSE,850189326644.702,37011804585.35188,2550931432.326328,852861408874.4354,mock_margin
2026-02-24,SZSE,753082933970.7461,32794981872.17536,2260299140.167117,755693345862.5394,mock_margin
2026-02-25,SSE,850507015454.184,37305455096.169685,2551864019.9968724,853173204018.9543,mock_margin
2026-02-25,SZSE,753814380425.2964,33056167912.4018,2261193311.197385,755992297043.6589,mock_margin
2026-02-26,SSE,850767338758.6061,37585333504.210815,2552733544.676041,853463915103.3562,mock_margin
2026-02-26,SZSE,753652332674.2776,33305165840.433395,2262031652.382383,756272582446.51,mock_margin
2026-02-27,SSE,850917861091.0454,37849179612.31448,2553538664.087911,853733093360.0581,mock_margin
2026-02-27,SZSE,754151866134.9324,33539971689.61225,2262812969.2399845,756533802715.9014,mock_margin
2026-03-02,SSE,852013033516.4469,38523937176.35154,2555556435.04717,854407701450.7705,mock_margin
2026-03-02,SZSE,754706473754.895,34140979249.614586,2264804836.036427,757199750181.512,mock_margin
2026-03-03,SSE,851883127362.9758,38703859846.95858,2556093553.2404647,854587277966.7286,mock_margin
2026-03-03,SZSE,755366602017.5879,34301460727.93122,2265348804.4884458,757381616967.3037,mock_margin
2026-03-04,SSE,851897933383.1604,38858700112.80676,2556561859.686445,854743848421.8348,mock_margin
2026-03-04,SZSE,755227867957.4503,34439721749.554,2265831817.006805,757543104152.6084,mock_margin
2026-03-05,SSE,852394567885.0714,38987206214.05239,2556960950.1838293,854877277678.1268,mock_margin
2026-03-05,SZSE,755645682811.3595,34554650870.11885,2266253509.857377,757684090128.9832,mock_margin
2026-03-06,SSE,852427243396.4098,39088341316.320274,2557290583.03987,854987484929.6631,mock_margin
2026-03-06,SZSE,755344558054.3628,34645327007.76266,2266613663.299562,757804501429.8201,mock_margin
2026-03-09,SSE,852734873917.0127,39220548880.23253,2557862767.3279448,855178785209.9761,mock_margin
2026-03-09,SZSE,756121179078.6134,34765635836.849266,2267324859.7593727,758042278112.8834,mock_margin
2026-03-10,SSE,852786707136.3079,39206399877.6817,2557915417.034648,855196387761.9172,mock_margin
2026-03-10,SZSE,756054259445.2645,34754136574.16624,2267439551.352251,758080623335.4359,mock_margin
2026-03-11,SSE,852876276789.2795,39163161828.6076,2557899846.5291824,855191182022.9232,mock_margin
2026-03-11,SZSE,755938732927.38,34716850110.76885,2267493772.8200674,758098751379.509,mock_margin
2026-03-12,SSE,852859200948.3384,39091204989.70157,2557816788.2296467,855163412864.7786,mock_margin
2026-03-12,SZSE,755793271202.3402,34654102355.98695,2267488168.0041213,758096877502.7112,mock_margin
2026-03-13,SSE,852610688046.272,38991134970.050446,2557667132.833593,855113378077.3645,mock_margin
2026-03-13,SZSE,755864955900.8234,34566427903.04685,2267423521.141236,758075263901.553,mock_margin
2026-03-16,SSE,852213278980.8796,38531710157.347,2556829814.969045,854833434804.6506,mock_margin
2026-03-16,SZSE,755287156988.6716,34162212997.258213,2266885232.449461,757895296048.9364,mock_margin
2026-03-17,SSE,851877352668.7491,38329729221.50194,2556425756.315024,854698344527.9896,mock_margin
2026-03-17,SZSE,755687202809.6459,33984156215.37011,2266594990.889456,757798258620.7078,mock_margin
2026-03-18,SSE,851710878457.5806,38105945687.09303,2555961835.373597,854543240293.2393,mock_margin
2026-03-18,SZSE,755510652083.6202,33786757376.13044,2266251652.7878013,757683469248.7214,mock_margin
2026-03-19,SSE,852334018107.4618,37862202935.04041,2555439831.4511995,854368716981.8508,mock_margin
2026-03-19,SZSE,755206784110.995,33571649227.77196,2265856791.041596,757551453804.9069,mock_margin
2026-03-20,SSE,851385691076.4357,37600505272.799225,2554861658.3094745,854175414428.1342,mock_margin
2026-03-20,SZSE,755175008049.001,33340607409.147778,2265412097.959264,757402778084.3805,mock_margin
2026-03-23,SSE,851192709787.2523,36729775686.05296,2552811174.738826,853489869421.014,mock_margin
2026-03-23,SZSE,754731745219.5902,32571457240.31789,2263797653.7434897,756863015568.24,mock_margin
2026-03-24,SSE,850642675035.4939,36418902950.7407,2552029976.5048227,853228688811.4457,mock_margin
2026-03-24,SZSE,754438649610.7751,32296748484.79379,2263172792.116028,756654103497.4585,mock_margin
2026-03-25,SSE,850306272758.089,36101879424.62772,2551204015.6357903,852952542560.8992,mock_margin
2026-03-25,SZSE,753892992438.0099,32016568453.666733,2262508193.691221,756431906090.7649,mock_margin
2026-03-26,SSE,850074955647.6093,35781283336.24447,2550335901.222399,852662302975.3553,mock_margin
2026-03-26,SZSE,754005892829.0549,31733203198.450123,2261806168.808229,756197195771.551,mock_margin
2026-03-27,SSE,849757771842.2123,35459716193.49413,2549428337.1784005,852358874063.3118,mock_margin
2026-03-27,SZSE,753792082239.6676,31448959691.32048,2261069112.181556,755950773172.7,mock_margin
2026-03-30,SSE,848946666630.5343,34515098970.32074,2546497268.416825,851378920074.025,mock_margin
2026-03-30,SZSE,753035825103.9625,30613940802.240494,2258672840.411541,755149619644.2584,mock_margin
2026-03-31,SSE,848256201735.1542,34215373547.351074,2545460605.964964,851032329260.9528,mock_margin
2026-03-31,SZSE,752395501569.5138,30349003075.432613,2257821083.026114,754864848758.3973,mock_margin
2026-04-01,SSE,848029716730.835,33927282407.78593,2544399198.03022,850677465208.1034,mock_margin
2026-04-01,SZSE,752076254811.4934,30094369332.23193,2256947322.623863,754572721530.5782,mock_margin
2026-04-02,SSE,847670084747.7987,33653120734.71904,2543316172.6901627,850315373736.0776,mock_margin
2026-04-02,SZSE,751989050898.4224,29852076448.05316,2256054331.9950914,754274164997.0255,mock_margin
2026-04-03,SSE,847582343106.6188,33395063009.922184,2542214703.3461885,849947115818.7423,mock_margin
2026-04-03,SZSE,751758943086.4592,29624054471.09291,2255144924.468771,753970119747.3923,mock_margin
2026-04-06,SSE,846386395108.324,32737087810.374905,2538831887.733862,848816127799.021,mock_margin
2026-04-06,SZSE,750599567226.3005,29042992331.94092,2252346802.337554,753034614248.1888,mock_margin
2026-04-07,SSE,845980358443.3119,32562188700.77269,2537689020.181906,848434029080.8171,mock_margin
2026-04-07,SZSE,750351439071.426,28888695712.74176,2251400438.4435377,752718213252.956,mock_margin
2026-04-08,SSE,845647221552.3207,32411886259.4423,2536543992.468062,848051208148.4886,mock_margin
2026-04-08,SZSE,750248711929.3682,28756212267.074944,2250452099.218258,752401151838.6375,mock_margin
2026-04-09,SSE,844903623276.6986,32287309010.611057,2535400091.9414496,847668764072.4246,mock_margin
2026-04-09,SZSE,749916059981.4447,28646545228.772007,2249504701.149415,752084405084.2876,mock_margin
2026-04-10,SSE,844692588258.7474,32189371564.97676,2534260598.643731,847287793479.8873,mock_margin
2026-04-10,SZSE,749248831117.3752,28560508153.91289,2248561154.5910506,751768946018.2744,mock_margin
2026-04-13,SSE,843640068598.6604,32061206331.40152,2530901098.192004,846164600495.5266,mock_margin
2026-04-13,SZSE,748404552552.8899,28449351932.932262,2245782498.189661,750839948561.41,mock_margin
2026-04-14,SSE,843139147762.0759,32074498053.13639,2529811631.031353,845800355308.149,mock_margin
2026-04-14,SZSE,748079606615.8088,28462000123.28301,2244883110.407907,750539253246.3768,mock_margin
2026-04-15,SSE,842648046892.9573,32115622130.246624,2528742606.013843,845442944610.628,mock_margin
2026-04-15,SZSE,748073944831.8314,28499347430.86568,2244001806.963213,750244604128.0342,mock_margin
2026-04-16,SSE,842461025622.8622,32184132776.10648,2527697107.4152126,845093399579.1527,mock_margin
2026-04-16,SZSE,747929094665.8226,28561000476.45363,2243141326.548743,749956916842.7963,mock_margin
2026-04-17,SSE,842562229184.1292,32279362081.263306,2526678162.675693,844752732387.9065,mock_margin
2026-04-17,SZSE,747408694643.1006,28646368710.24188,2242304357.747447,749677090273.563,mock_margin
2026-04-20,SSE,841316416124.4757,32715493178.57561,2523809937.876232,843793789229.9535,mock_margin
2026-04-20,SZSE,746499702625.4803,29036027037.158348,2239960534.6867576,748893472096.9392,mock_margin
2026-04-21,SSE,840735099474.9614,32906728221.389683,2522926121.9682765,843498300111.3936,mock_margin
2026-04-21,SZSE,746130579758.7606,29206630325.716976,2239243296.619366,748653675503.0748,mock_margin
2026-04-22,SSE,840459058946.726,33118286259.515404,2522082922.920189,843216390562.983,mock_margin
2026-04-22,SZSE,746293668153.6715,29395282202.98043,2238562064.4019847,748425916865.0635,mock_margin
2026-04-23,SSE,840311362764.5134,33348354409.34492,2521282896.870991,842948915187.2012,mock_margin
2026-04-23,SZSE,746366643953.9027,29600375156.967533,2237919110.134983,748210955821.7959,mock_margin
2026-04-24,SSE,840247858224.1947,33594974323.117607,2520528501.58236,842696695695.7021,mock_margin
2026-04-24,SZSE,745922030417.5609,29820172363.200657,2237316618.8677344,748009522908.1125,mock_margin
2026-04-27,SSE,839827678062.0248,34412729034.037315,2518562097.381883,842039261224.6763,mock_margin
2026-04-27,SZSE,745226607042.2546,30548791702.72565,2235772374.4373574,747493230520.223,mock_margin
2026-04-28,SSE,839043085725.2719,34703654694.925995,2518012662.70979,841855566899.3065,mock_margin
2026-04-28,SZSE,745004772216.2104,30807975812.34034,2235351691.0503407,747352582041.1638,mock_margin
2026-04-29,SSE,839194255812.4122,34999761613.24974,2517519502.8792186,841690687129.2853,mock_margin
2026-04-29,SZSE,744980214601.426,31071775216.10823,2234980939.5849915,747228627467.9154,mock_margin
2026-04-30,SSE,839462822534.4066,35298591076.33305,2517084387.422821,841545213528.363,mock_margin
2026-04-30,SZSE,744921551230.0001,31338007489.28831,2234661695.523442,747121893536.6705,mock_margin
2026-05-01,SSE,839254545333.3977,35597668787.495094,2516708957.2018685,841419694691.158,mock_margin
2026-05-01,SZSE,744544239987.9025,31604476109.36083,2234395420.2990327,747032868853.3098,mock_margin
2026-05-04,SSE,838470221475.4933,36471835965.12687,2515955189.3681107,841167684978.7383,mock_margin
2026-05-04,SZSE,744685274070.2438,32383497373.62455,2233927251.289552,746876344347.8065,mock_margin
2026-05-05,SSE,838585440437.6075,36747552570.64808,2515832225.955373,841126574211.0796,mock_margin
2026-05-05,SZSE,744779285763.8745,32629286177.42945,2233885087.1028085,746862247454.7056,mock_margin
2026-05-06,SSE,838132177386.6118,37011609425.08233,2515775116.547607,841107480632.4164,mock_margin
2026-05-06,SZSE,744599034374.2026,32864736336.16155,2233901393.9334865,746867699371.7622,mock_margin
2026-05-07,SSE,838895394506.2046,37261852494.61182,2515784670.572436,841110674861.3844,mock_margin
2026-05-07,SZSE,744891349093.0105,33087934170.79137,2233976895.803125,746892942163.5114,mock_margin
2026-05-08,SSE,838271475869.1951,37496245779.702,2515861551.587027,841136378747.2626,mock_margin
2026-05-08,SZSE,744740766640.5734,33297070588.416744,2234112187.285292,746938174615.7157,mock_margin
2026-05-11,SSE,838801143464.9867,38086073709.80411,2516500578.1797857,841350026638.1083,mock_margin
2026-05-11,SZSE,744956224532.683,33823888163.63467,2234880780.0097294,747195140783.2528,mock_margin
2026-05-12,SSE,838818093784.4636,38239618257.46244,2516850444.824252,841466998719.575,mock_margin
2026-05-12,SZSE,745201410725.3552,33961268472.43681,2235258550.076345,747321441908.8579,mock_margin
2026-05-13,SSE,839068958009.7168,38369436493.20451,2517268731.7240868,841606845973.0862,mock_margin
2026-05-13,SZSE,745264487533.6519,34077584612.2872,2235697107.836992,747468066386.834,mock_margin
2026-05-14,SSE,839130236713.1174,38474502758.64426,2517755209.3698373,841769491665.9822,mock_margin
2026-05-14,SZSE,745324148767.582,34171923727.34732,2236196254.918127,747634947894.2937,mock_margin
2026-05-15,SSE,839075408887.8375,38553997559.37819,2518309499.12754,841954809208.3075,mock_margin
2026-05-15,SZSE,745726377834.7562,34243555966.637672,2236755660.4700904,747821975817.1667,mock_margin
2026-05-18,SSE,840309525647.5543,38634078948.18701,2520373234.4097443,842644784704.3243,mock_margin
2026-05-18,SZSE,746253542937.4194,34317772499.31649,2238790146.5915227,748502172343.7656,mock_margin
2026-05-19,SSE,840294911454.4136,38607414004.39127,2521192034.054006,842918536718.7227,mock_margin
2026-05-19,SZSE,746649383663.8298,34295115475.02646,2239584654.20047,748767802721.0237,mock_margin
2026-05-20,SSE,840867006516.147,38554346196.1531,2522074550.0778327,843213591242.6886,mock_margin
2026-05-20,SZSE,746942465573.3798,34249002589.98115,2240435808.670514,749052372032.1752,mock_margin
2026-05-21,SSE,840547360203.779,38475372812.14366,2523019533.711963,843529530771.033,mock_margin
2026-05-21,SZSE,746887268114.4594,34179873503.14265,2241342505.7447333,749355511087.3224,mock_margin
2026-05-22,SSE,841232979633.9767,38371207535.72425,2524025597.9429445,843865891578.9244,mock_margin
2026-05-22,SZSE,747278628735.8955,34088360167.90238,2242303518.219479,749676809591.379,mock_margin
2026-05-25,SSE,842387274161.9656,37917814435.13082,2527394388.921296,844992190696.0199,mock_margin
2026-05-25,SZSE,748297061806.7211,33688604908.41496,2245498383.3991284,750744959516.4418,mock_margin
2026-05-26,SSE,842882073788.7935,37724116276.96137,2528628240.6135373,845404708445.1259,mock_margin
2026-05-26,SZSE,748406380264.2523,33517516620.19636,2246662014.792435,751134000278.9374,mock_margin
2026-05-27,SSE,843280011348.0184,37511787507.07263,2529914268.130588,845834670311.6597,mock_margin
2026-05-27,SZSE,749317501395.7935,33329864419.22521,2247872073.09589,751538563105.0591,mock_margin
2026-05-28,SSE,843489083629.539,37282665893.54795,2531250321.207208,846281357390.2765,mock_margin
2026-05-28,SZSE,749989081081.0537,33127279752.53374,2249126651.8801584,751958010611.9329,mock_margin
2026-05-29,SSE,844253518059.3009,37038733178.85998,2532634135.9340663,846744012780.6227,mock_margin
2026-05-29,SZSE,749864673760.8757,32911522194.40181,2250423743.5061,752391671578.8727,mock_margin
2026-06-01,SSE,845756473560.1659,36239702881.09875,2537047904.0608563,848219682591.013,mock_margin
2026-06-01,SZSE,751696024340.4174,32204425785.86673,2254548587.486637,753770744416.3656,mock_margin
2026-06-02,SSE,846100209249.6819,35958642241.47169,2538598018.7177124,848737937591.2885,mock_margin
2026-06-02,SZSE,751984778642.5869,31955619795.489246,2255993776.265713,754253919198.17,mock_margin
2026-06-03,SSE,846710299339.5834,35674245034.47508,2540183039.5389714,849267862885.8628,mock_margin
2026-06-03,SZSE,752471592304.2081,31703833627.770306,2257470070.96579,754747493726.229,mock_margin
2026-06-04,SSE,847306229125.2787,35388988392.03829,2541800125.3438406,849808508573.2905,mock_margin
2026-06-04,SZSE,753037681226.875,31451268517.522625,2258974949.3389616,755250624728.9927,mock_margin
2026-06-05,SSE,848057350849.5583,35105363704.640594,2543446358.349564,850358899141.5375,mock_margin
2026-06-05,SZSE,753713715777.9452,31200138636.113503,2260505820.753948,755762446072.0697,mock_margin
2026-06-08,SSE,849713255721.9989,34288976990.67776,2548529744.7745275,852058444669.617,mock_margin
2026-06-08,SZSE,755126493159.3323,30477312042.95557,2265227577.462116,757341086731.5005,mock_margin
2026-06-09,SSE,850044034231.7855,34036359502.302387,2550262076.902195,852637621044.3004,mock_margin
2026-06-09,SZSE,755535550240.1136,30253683864.91102,2266835342.424071,757878616150.4475,mock_margin
2026-06-10,SSE,850881727582.9764,33797326974.02199,2552008041.033376,853221355052.1584,mock_margin
2026-06-10,SZSE,756219127115.8104,30042117781.469013,2268455319.170969,758420228376.1608,mock_margin
2026-06-11,SSE,851478317707.1035,33574028925.930588,2553764395.8826494,853808563023.4324,mock_margin
2026-06-11,SZSE,756704237490.1038,29844525623.82782,2270084627.563845,758964960482.1787,mock_margin
2026-06-12,SSE,852154831467.6981,33368490238.008965,2555527870.470019,854398151360.4762,mock_margin
2026-06-12,SZSE,757380164990.0718,29662708654.50223,2271720360.7212334,759511840601.1323,mock_margin
2026-06-15,SSE,853842813048.3982,32876453403.53982,2560828011.063855,856170165032.3488,mock_margin
2026-06-15,SZSE,759213366222.0039,29227946014.788364,2276636775.3181467,761155561881.3671,mock_margin
2026-06-16,SSE,854163284339.9557,32759125606.27929,2562586917.8224406,856758226191.9692,mock_margin
2026-06-16,SZSE,759135059854.3324,29124512545.4566,2278268832.1399126,761701212878.7773,mock_margin
2026-06-17,SSE,854943295137.8269,32667246731.85598,2564336402.123552,857343137109.974,mock_margin
2026-06-17,SZSE,760205829722.3281,29043698896.60156,2279892607.5469594,762244095123.2,mock_margin
2026-06-18,SSE,855352715775.1166,32601773077.07972,2566073170.765789,857923796759.3619,mock_margin
2026-06-18,SZSE,760512047496.9669,28986357351.35789,2281505172.7920256,762783229436.8005,mock_margin
2026-06-19,SSE,855687668369.3081,32563442672.192394,2567793953.405848,858499111755.3551,mock_margin
2026-06-19,SZSE,761188884808.7924,28953146227.5766,2283103619.1002674,763317643319.1893,mock_margin
2026-06-22,SSE,857781646023.056,32615282901.05889,2572828185.143245,860182223232.8916,mock_margin
2026-06-22,SZSE,762466526459.7305,29001848999.03588,2287785598.927472,764882985241.4178,mock_margin
2026-06-23,SSE,857973347983.3524,32688334177.8256,2574453044.5215364,860725467885.0336,mock_margin
2026-06-23,SZSE,763052735154.542,29067678971.90652,2289299118.7407527,765389005365.6583,mock_margin
2026-06-24,SSE,858611932671.0354,32788765292.297565,2576046175.498658,861258104675.0513,mock_margin
2026-06-24,SZSE,763148159975.1326,29157860766.005413,2290784512.39014,765885621975.7699,mock_margin
2026-06-25,SSE,859623986844.1073,32915923948.094093,2577604604.0072865,861779139273.1027,mock_margin
2026-06-25,SZSE,764295721177.4751,29271816491.91695,2292239132.530574,766371949976.055,mock_margin
2026-06-26,SSE,859697511248.7144,33068930868.54265,2579125431.2175856,862287602503.7461,mock_margin
2026-06-26,SZSE,764562492047.0255,29408766333.28704,2293660398.4094515,766847126534.8932,mock_margin
2026-06-29,SSE,861252005808.6217,33670995260.501545,2583434592.7688847,863728298849.0637,mock_margin
2026-06-29,SZSE,766056505479.8822,29946887602.48794,2297699393.186176,768197497121.9113,mock_margin
2026-06-30,SSE,861627887326.4601,33914332741.81983,2584777775.3524613,864177369559.5062,mock_margin
2026-06-30,SZSE,766385239514.3978,30164216180.51945,2298962983.818094,768619957589.8492,mock_margin
2026-07-01,SSE,862354551566.8403,34176012850.48845,2586070232.601931,864609481099.9122,mock_margin
2026-07-01,SZSE,766926254251.3301,30397872631.066425,2300181530.5234566,769027358371.6754,mock_margin
2026-07-02,SSE,862479715693.9312,34453996568.70249,2587309659.311143,865023862763.0254,mock_margin
2026-07-02,SZSE,767781567688.127,30646044763.20388,2301352978.8165617,769419012584.337,mock_margin
2026-07-03,SSE,862734496829.5334,34746101059.776245,2588493870.9242086,865419784178.9937,mock_margin
2026-07-03,SZSE,767326929604.3774,30906792240.997826,2302475381.2842894,769794269142.714,mock_margin
2026-07-06,SSE,864295913081.7511,35683538926.81064,2591695293.214353,866490126364.6653,mock_margin
2026-07-06,SZSE,768517924696.165,31743503662.148537,2305530547.294181,770815712978.6877,mock_margin
2026-07-07,SSE,864193047525.7587,36008073805.073105,2592639398.7484207,866805772314.8885,mock_margin
2026-07-07,SZSE,768736644608.6672,32033165663.018623,2306439600.578589,771119639793.4415,mock_margin
2026-07-08,SSE,864194114938.6882,36334323559.9387,2593519358.6301785,867099972235.3562,mock_margin
2026-07-08,SZSE,769236392944.9666,32324370633.54356,2307291639.96506,771404504961.6515,mock_margin
2026-07-09,SSE,864482802268.1211,36659653858.51185,2594333817.165722,867372272872.4062,mock_margin
2026-07-09,SZSE,769794581974.3165,32614775040.61632,2308085454.207784,771669903523.4689,mock_margin
2026-07-10,SSE,865159254389.2183,36981430239.7548,2595081571.158639,867622271957.3716,mock_margin
2026-07-10,SZSE,769680027297.374,32902034955.88649,2308819967.5915103,771915475831.4281,mock_margin
2026-07-13,SSE,865614548924.1057,37899554968.35023,2596914924.147464,868235222973.3019,mock_margin
2026-07-13,SZSE,770264945567.2406,33721916834.20608,2310659034.670491,772530337258.1675,mock_margin
2026-07-14,SSE,865435888357.2096,38181542158.36657,2597386978.843698,868393046593.4095,mock_margin
2026-07-14,SZSE,770046556771.8372,33973839997.976723,2311148388.5605063,772693944575.3959,mock_margin
2026-07-15,SSE,866091769023.9658,38447570129.16677,2597788695.729626,868527353938.9382,mock_margin
2026-07-15,SZSE,770563793290.3865,34211577347.95017,2311575181.4485545,772836635664.2999,mock_margin
2026-07-16,SSE,866406068322.2672,38695458689.70484,2598119838.045976,868638065853.3713,mock_margin
2026-07-16,SZSE,770815601284.2205,34433187561.80675,2311939197.022359,772958338204.4752,mock_margin
2026-07-17,SSE,866019323348.8514,38923173430.34793,2598380334.8277683,868725158610.7504,mock_margin
2026-07-17,SZSE,771014028470.0394,34636858811.950195,2312240366.480642,773059029193.3612,mock_margin
2026-07-20,SSE,866450414431.1599,39467470756.9111,2598739730.789362,868845316660.5765,mock_margin
2026-07-20,SZSE,770775261418.9778,35124377843.55193,2312768324.6667686,773235543213.5895,mock_margin
