trade_date,security_code,security_name,close,pct_change,amount,float_market_cap,turnover_rate,source_id
2026-07-17,000001,演示证券1,16.558213047657347,1.9704307959839888,175867102.46512383,5382772048.098486,2.7272043388391958,mock_market
2026-07-17,000002,演示证券2,35.24402452931414,-0.15583552032931167,573354089.4720488,2456476848.3256655,1.7050699181964974,mock_market
2026-07-17,000003,演示证券3,52.95125792889483,-0.24596031943204327,966756264.9740944,5828210683.680979,3.3288109547527713,mock_market
2026-07-17,000004,演示证券4,70.13661144502713,-3.5978373356539763,189692129.97271174,18490392300.112118,3.1677449121002472,mock_market
2026-07-17,000005,演示证券5,78.21808981786977,-1.270215300577085,200394164.0959491,4801214641.397835,7.100634670680188,mock_market
2026-07-17,000006,演示证券6,14.529233546037622,0.06881933613117802,1373896801.8670847,11438940154.24271,6.197099913954704,mock_market
2026-07-17,000007,演示证券7,19.176445990452937,-2.5706184802061722,179198385.98663408,3993798034.367165,2.6625660812195213,mock_market
2026-07-17,000008,演示证券8,75.51729998569148,-1.3217026192499088,856426187.5939826,4406217804.742807,6.348421473685173,mock_market
2026-07-17,000009,演示证券9,27.0613642414555,0.21693435607947242,453473842.8576159,4287928264.4696007,4.629143830416757,mock_market
2026-07-17,000010,演示证券10,114.36896494047866,1.8527807523109678,101544133.28619996,2759760850.3841443,4.69965345188492,mock_market
2026-07-17,000011,演示证券11,111.40318370013692,-1.5903093375458612,293276721.14915246,2497468368.6626186,5.732548379387714,mock_market
2026-07-17,000012,演示证券12,61.06783337248132,-3.55237814874658,296725460.49229354,47477371961.72138,4.47432125702731,mock_market
2026-07-17,000013,演示证券13,53.88675395947476,1.0024868093654802,111502166.28730908,11707040406.399715,5.713484486378053,mock_market
2026-07-17,000014,演示证券14,23.492981689585225,2.50166914313558,138647844.41982993,2843691900.080953,7.679434859159283,mock_market
2026-07-17,000015,演示证券15,62.251671873157555,-1.9517683563278156,245462093.1317076,7694874933.067966,6.246235599593909,mock_market
2026-07-17,000016,演示证券16,9.423808026792965,-1.462433075458651,849197823.7116759,2490738910.8879657,6.564373540481373,mock_market
2026-07-17,000017,演示证券17,49.27528803639607,-1.081020452876052,145622048.9336108,8729085252.318743,7.921822559968494,mock_market
2026-07-17,000018,演示证券18,5.993769892984322,1.2995116686293713,234672042.27483103,3435211530.1604457,4.497547351630513,mock_market
2026-07-17,000019,演示证券19,74.1117965320542,-0.6449106853296448,167135386.7190667,9426344402.232073,6.815631652962563,mock_market
2026-07-17,000020,演示证券20,23.316869898709136,-0.9742901832258855,221258791.96296522,14250261098.08288,0.6807162078889086,mock_market
2026-07-17,000021,演示证券21,52.32749702685484,0.7012464088661303,327655874.9138675,4438309024.65658,6.507451935267768,mock_market
2026-07-17,000022,演示证券22,91.61618563127172,-2.7156860786613013,280316530.92105687,1634878329.4500787,4.024483262203153,mock_market
2026-07-17,000023,演示证券23,100.03953839108013,-2.4330856236482163,175985774.2569751,1612210025.395553,0.5196731665291285,mock_market
2026-07-17,000024,演示证券24,59.56583408632085,-1.555650907443172,352732586.02610207,7090725205.377589,7.476057621237438,mock_market
2026-07-17,000025,演示证券25,87.94917723816053,-0.6841976577260088,441460193.2314949,11359339872.323814,0.7669651231061012,mock_market
2026-07-17,000026,演示证券26,46.966890184635716,-0.44924237814901086,455926183.1224996,2085007318.6858683,4.134297072189107,mock_market
2026-07-17,000027,演示证券27,74.52089840156813,-0.7591266176595952,237371731.55805793,2635419781.2578716,3.2628938086830974,mock_market
2026-07-17,000028,演示证券28,84.8311639844382,-0.1713689256406053,283450172.9337303,25755329121.13104,1.9202032466828942,mock_market
2026-07-17,000029,演示证券29,66.59554312838742,-0.9327854701801854,347238921.4156376,16358480827.203749,3.597128452777202,mock_market
2026-07-17,000030,演示证券30,81.08645411099496,-0.2859245366114181,190905164.35325387,1475805765.700081,4.265313593608855,mock_market
2026-07-17,000031,演示证券31,98.49881410101877,-0.3626660702377118,152912623.82397556,5817987095.890988,2.51291263563782,mock_market
2026-07-17,000032,演示证券32,87.16471894587625,-2.240683143254028,211191349.6691608,8724991381.336655,0.6323927769490298,mock_market
2026-07-17,000033,演示证券33,115.30801530475703,4.01425283328605,64696771.037363574,2983639168.84283,5.188105463410011,mock_market
2026-07-17,000034,演示证券34,15.034925702243912,-0.7973324390514098,249990450.80930665,3607617674.944424,4.419210943121482,mock_market
2026-07-17,000035,演示证券35,115.37265417230651,0.7221404519835515,278793632.2434617,2476244072.2864914,0.8303036844910707,mock_market
2026-07-17,000036,演示证券36,80.45447646725316,-0.5717166250160111,278185484.5508947,5201662782.62522,6.19400827626998,mock_market
2026-07-17,000037,演示证券37,61.60748704345029,-0.057555966136764086,255556988.6861937,12611430455.087713,4.5071694567015825,mock_market
2026-07-17,000038,演示证券38,69.15927963697217,-1.236873147263326,64730462.81585247,41837496967.31132,3.995538373938208,mock_market
2026-07-17,000039,演示证券39,59.29135673938412,-5.765360656621236,286417257.82482976,453071124.11010057,1.4547382615883029,mock_market
2026-07-17,000040,演示证券40,6.674287388359673,-0.9767527432718901,274521547.98759377,4093885731.7541857,1.5021144625170464,mock_market
2026-07-17,000041,演示证券41,62.313108142425065,-0.8571484927766175,1175299919.6576846,17098753311.576103,1.5774639587147947,mock_market
2026-07-17,000042,演示证券42,26.62673818372012,0.505564846442226,461498030.1289153,12581532475.50765,7.65239183012648,mock_market
2026-07-17,000043,演示证券43,3.1911773310349116,1.9389981774443128,1732477027.7516744,11352201659.849281,4.894228484071402,mock_market
2026-07-17,000044,演示证券44,76.9654972799827,-1.1399512957949771,681578186.5403645,15103643370.094637,3.773600762575147,mock_market
2026-07-17,000045,演示证券45,76.56394836638519,0.5647154573470596,74314002.54621857,4794576242.755221,2.120395249680348,mock_market
2026-07-17,000046,演示证券46,87.00468344781954,1.2007106516306487,120914838.34318912,10355119084.422314,2.1880626602316595,mock_market
2026-07-17,000047,演示证券47,70.91823658108203,-2.0295547133464313,1483480489.079949,3376222902.4983377,7.238174685439427,mock_market
2026-07-17,000048,演示证券48,24.620191693806703,-0.9202188152263799,184945175.92387497,1152294112.54685,6.337582622188322,mock_market
2026-07-17,000049,演示证券49,118.42555739742748,-0.707395177455736,196685989.21880436,3472710316.2199035,4.7043897392456815,mock_market
2026-07-17,000050,演示证券50,94.99514386047375,1.0802335307246198,154545492.37796432,4303782731.909128,5.226200828942842,mock_market
2026-07-17,000051,演示证券51,4.540249490092464,-1.3845116417282957,721710387.325437,3149877947.599701,5.401434105690755,mock_market
2026-07-17,000052,演示证券52,20.14761780279437,0.0409129046742161,259215851.76285097,12845147589.03504,2.201963129229646,mock_market
2026-07-17,000053,演示证券53,101.20979269140302,1.7485920764078855,160178001.5153079,25434503376.199978,4.0097081932549505,mock_market
2026-07-17,000054,演示证券54,28.843147674915098,-4.002624251354447,132956974.26514016,28427662462.091774,7.133133674161934,mock_market
2026-07-17,000055,演示证券55,68.1304635034659,2.025468627506834,249557166.3399454,2504056225.2567425,6.532088848995345,mock_market
2026-07-17,000056,演示证券56,108.55158730015732,3.4118607139268042,919034215.12778,14461655216.413803,5.771994534899606,mock_market
2026-07-17,000057,演示证券57,36.928056698050426,-0.655318070457239,229488483.44673598,3252726756.1098423,7.8914641170123865,mock_market
2026-07-17,000058,演示证券58,5.800704972567747,0.013585513584486536,334119971.392978,5207796971.719662,3.3205459711273937,mock_market
2026-07-17,000059,演示证券59,112.13928076664276,-1.3123901570184144,693904203.3879348,5157284334.22279,6.139523270408955,mock_market
2026-07-17,000060,演示证券60,36.62209303626026,1.3091002421978835,117409801.21793804,4565549724.877142,2.110498033765473,mock_market
2026-07-17,000061,演示证券61,109.23876822640437,-2.09451302376612,690158784.7222191,3994763826.392586,6.184973954862843,mock_market
2026-07-17,000062,演示证券62,42.74738943878214,1.0995729464485235,5554772177.152664,17024973322.521856,1.4113755507644927,mock_market
2026-07-17,000063,演示证券63,17.285375673741704,-0.2714152962872589,589342409.6525656,6897271981.140875,3.0595328287329284,mock_market
2026-07-17,000064,演示证券64,55.58408037492057,1.2481165415249007,225966310.16946012,4220825408.6357756,2.334506275890535,mock_market
2026-07-17,000065,演示证券65,27.411182177247298,-0.09630595946464698,47721559.46065501,2124679245.0444922,3.076109561718301,mock_market
2026-07-17,000066,演示证券66,31.878356600923325,-1.8300882088158812,243905912.25367203,7977738931.185522,6.685160886853822,mock_market
2026-07-17,000067,演示证券67,63.75360679173676,-0.9665084715171579,300478571.0990512,15695977612.786148,7.811270629400919,mock_market
2026-07-17,000068,演示证券68,4.775502072114441,0.14073230795509523,63637423.4366081,1237874051.3747919,5.361332999509319,mock_market
2026-07-17,000069,演示证券69,24.28560718262696,-1.6168483012772297,432718818.587178,7713709370.08436,6.94239539937627,mock_market
2026-07-17,000070,演示证券70,44.59782637559009,0.044557228126599846,375807167.1535606,13899040600.86437,5.357613373789828,mock_market
2026-07-17,000071,演示证券71,84.8286888175936,-1.3833767779225088,647197954.9251448,2291516091.810256,5.738749620509428,mock_market
2026-07-17,000072,演示证券72,71.18579207611359,-0.16218762851105245,1147398270.7796988,5665174106.667051,1.4455623279743837,mock_market
2026-07-17,000073,演示证券73,85.58307481876896,2.0459708808536825,455466531.54844177,688685764.1152371,7.845656647562363,mock_market
2026-07-17,000074,演示证券74,13.236316707238428,4.346715487942528,242549142.73272344,4286184720.9466867,7.667024518285322,mock_market
2026-07-17,000075,演示证券75,67.17428059511603,-0.2953301485993807,271545533.33137643,33724555429.332336,0.20545102871885845,mock_market
2026-07-17,000076,演示证券76,45.68670339480011,1.7320334576399838,177165447.11002162,12981918478.45003,7.057055388550109,mock_market
2026-07-17,000077,演示证券77,111.98059299233,1.2073052981009218,240587964.04599836,8588718717.969196,5.951378936187312,mock_market
2026-07-17,000078,演示证券78,28.570234908506933,0.20560823243055032,174705091.85091925,12782285035.18434,3.2102318355222086,mock_market
2026-07-17,000079,演示证券79,35.08102404019155,2.251832076163887,1187852673.8549368,11301740463.539854,7.206967788416561,mock_market
2026-07-17,000080,演示证券80,108.17047746755834,-2.8102474650697977,549443042.1863865,6497966058.927518,2.8846630677843788,mock_market
2026-07-17,000081,演示证券81,55.10904815357088,-1.4105806516717345,153057078.79498446,13444580232.35788,7.970680399637476,mock_market
2026-07-17,000082,演示证券82,62.071215146474316,0.4632085637125513,126816983.54217081,5078025300.962124,0.5865454154596403,mock_market
2026-07-17,000083,演示证券83,101.14913781804424,0.9715587980129927,276210964.6473566,6675006458.394312,5.891135960126418,mock_market
2026-07-17,000084,演示证券84,18.94721319034302,-0.414613660252481,356479986.253972,4609303257.766013,5.514826663166196,mock_market
2026-07-17,000085,演示证券85,89.22932560943637,-0.1788163765793163,231988813.28228912,17952374431.203114,3.071006084506873,mock_market
2026-07-17,000086,演示证券86,93.23234163614256,-1.2581384062191252,114323680.2197159,15388829733.13038,1.036268803160523,mock_market
2026-07-17,000087,演示证券87,106.44145824762705,-0.9847066541814455,227155593.57932672,13253193857.325302,0.5412569593698666,mock_market
2026-07-17,000088,演示证券88,77.99316432736046,-1.9026258821560893,280348275.8274053,3105037227.014956,1.8907451681865541,mock_market
2026-07-17,000089,演示证券89,49.67229326565438,-0.19362107806640183,194826801.4985586,77757362639.41443,6.554578690909023,mock_market
2026-07-17,000090,演示证券90,71.94775235715623,-3.096250160959377,251990141.65371224,6040514326.907531,4.259072440340515,mock_market
2026-07-17,000091,演示证券91,8.347486676495466,-0.9194094909199586,457580211.1022999,5884459619.065129,5.5079337753653395,mock_market
2026-07-17,000092,演示证券92,111.14230380735812,1.6970229406139445,204632150.11478707,16969169257.537916,7.982052416021403,mock_market
2026-07-17,000093,演示证券93,77.48774905907717,-0.20793373511794913,487354850.4112734,14038473098.529774,4.885818949636519,mock_market
2026-07-17,000094,演示证券94,57.74878869227061,2.3750055776092593,84999901.99385026,3256464570.0886045,4.28368080469925,mock_market
2026-07-17,000095,演示证券95,72.82083559691452,-0.6498787302531374,292371600.5291493,28691573110.130035,4.523730694135491,mock_market
2026-07-17,000096,演示证券96,64.29218089364221,-1.831474291467532,68427914.50784639,16870035702.593006,2.0154206314397154,mock_market
2026-07-17,000097,演示证券97,80.92617907576255,-2.7810225909261432,493547074.33262575,2163621735.950804,0.6367204791839836,mock_market
2026-07-17,000098,演示证券98,64.08741312347644,-3.2576517492358072,2095957093.8741148,18508494598.074177,4.848196916013379,mock_market
2026-07-17,000099,演示证券99,108.448420064843,-1.0454582139107278,490820625.4194784,2531263395.5361443,4.020311519470664,mock_market
2026-07-17,000100,演示证券100,115.37137725505822,-1.9454259306195951,155825328.53071767,641484477.9827166,0.9821894917448293,mock_market
2026-07-17,000101,演示证券101,78.44770885156183,2.271381862032396,352658254.90661156,6180943376.070176,2.192080889771301,mock_market
2026-07-17,000102,演示证券102,3.0866540449107114,-2.9811360438973775,179497106.6352795,5699060597.238025,1.3410939729071856,mock_market
2026-07-17,000103,演示证券103,32.440048159526526,0.8201072723645899,88997408.53610183,38217889657.03983,6.676414969094613,mock_market
2026-07-17,000104,演示证券104,6.483120529789353,0.516529415819684,72775515.5333758,596515875.0702908,6.690686748381587,mock_market
2026-07-17,000105,演示证券105,73.23360161724212,-1.7804632408587016,309842972.33560264,2661113138.564766,6.858774741164246,mock_market
2026-07-17,000106,演示证券106,3.482996863252158,-2.780365779245994,175258572.5852348,7522566690.522093,5.3198144828635945,mock_market
2026-07-17,000107,演示证券107,113.75596935295013,2.122970439679766,359351351.2134327,2178887369.753844,2.53461363097426,mock_market
2026-07-17,000108,演示证券108,111.11524134300106,0.463512662904557,834633183.3535638,14602804443.25425,7.249143766692947,mock_market
2026-07-17,000109,演示证券109,109.31048586502918,-2.637657511156355,153906551.308312,3723838905.358063,0.38519462195199633,mock_market
2026-07-17,000110,演示证券110,65.1020521505869,-0.8567215211245351,98586877.9892851,3891949201.98697,6.851133359356536,mock_market
2026-07-17,000111,演示证券111,78.91748348633374,0.5525508945225068,99295944.22943991,7091887499.740728,7.8968278436804,mock_market
2026-07-17,000112,演示证券112,82.02789425841912,2.3613699340225427,148693577.72885007,23353806725.19224,2.66443023869241,mock_market
2026-07-17,000113,演示证券113,61.67698128513066,-0.8132620579967764,198049471.50138006,1716773558.2829065,4.486867371066197,mock_market
2026-07-17,000114,演示证券114,86.0063446370283,-2.34381069745083,692918589.3153753,2082103930.951736,6.851161072693394,mock_market
2026-07-17,000115,演示证券115,100.76043355701033,-0.0606249677865347,166942000.06907487,23991061805.902184,5.452145897990555,mock_market
2026-07-17,000116,演示证券116,84.36955918982237,-2.0970998704387793,140424324.82565492,10459859183.29232,6.410244962551327,mock_market
2026-07-17,000117,演示证券117,24.546844518376005,-0.7596637610019206,497468998.200256,1657223731.7262602,5.590844355913736,mock_market
2026-07-17,000118,演示证券118,7.82208344685167,-0.886901912859763,93726644.12320504,5778127226.526162,3.6076618528612068,mock_market
2026-07-17,000119,演示证券119,94.16825588425996,-2.5428033663202383,451620828.10738605,83750594509.9742,4.229582509624145,mock_market
2026-07-17,000120,演示证券120,49.42360457819208,0.4348029735519681,418848165.99725264,6670410139.419848,1.376360279071945,mock_market
2026-07-17,000121,演示证券121,58.326379504424985,-0.6142817369628806,88349362.85417984,3941732524.2748165,6.164530946834708,mock_market
2026-07-17,000122,演示证券122,35.37624123665236,0.9331080818013235,159031494.8219417,7675326860.199404,1.5506342254239076,mock_market
2026-07-17,000123,演示证券123,85.33305184232655,-2.9621029156483254,239214806.76968005,6403337483.711335,5.251003563307385,mock_market
2026-07-17,000124,演示证券124,8.179969237426842,-1.2653285086990538,418764835.0039119,6581194362.976767,1.6977183148594157,mock_market
2026-07-17,000125,演示证券125,19.03119515809167,-3.654896365284123,101928613.81425682,5905542038.363869,2.369325494197502,mock_market
2026-07-17,000126,演示证券126,119.47345105099932,-2.1989376816427058,178522844.97396427,9179169382.35465,4.9081050435581215,mock_market
2026-07-17,000127,演示证券127,108.57549915702785,1.2131946274661933,86984870.4603571,13849927910.59377,5.772695442231958,mock_market
2026-07-17,000128,演示证券128,46.35565466675331,2.0798568807863402,243574264.52142847,24535132094.38045,3.88205558578804,mock_market
2026-07-17,000129,演示证券129,101.3603662323984,-2.4734694192781457,29743060.953048613,5594860064.433864,3.7183594804257716,mock_market
2026-07-17,000130,演示证券130,9.597967037519895,-1.964221100154366,147967395.06469804,2382841166.5982547,0.3734213488812434,mock_market
2026-07-17,000131,演示证券131,115.60767767275188,-1.119847235566343,138551246.0212236,9343828094.138327,6.942276534622734,mock_market
2026-07-17,000132,演示证券132,67.49568273256527,1.6621673236982093,332528418.789281,7722440642.422455,2.7795315371241958,mock_market
2026-07-17,000133,演示证券133,96.31608503583159,2.1731376199935735,650949337.1516069,1653650490.0885923,6.16790177932846,mock_market
2026-07-17,000134,演示证券134,80.48418604426529,-1.0839435931168795,138885912.34778807,2080261170.2500985,1.526755659954872,mock_market
2026-07-17,000135,演示证券135,17.10250439985352,-0.8459769353529991,144930593.89911917,8041450307.099146,7.520512415848447,mock_market
2026-07-17,000136,演示证券136,77.91479124883821,1.3896410348719483,493993695.1725691,5857112180.715295,3.4026854014532297,mock_market
2026-07-17,000137,演示证券137,77.80886671864171,0.23886266332818856,57877003.46669135,34158261689.898743,5.483586057487576,mock_market
2026-07-17,000138,演示证券138,37.79142145249841,-0.9914471539540255,298327533.8761902,2518728904.8305774,1.197301442696571,mock_market
2026-07-17,000139,演示证券139,72.94552040018294,0.26951555823152223,182200149.86724237,17787670814.454067,3.5125688034220626,mock_market
2026-07-17,000140,演示证券140,7.220198585227072,-1.5603526348717158,109263671.13687174,8238804323.86462,2.445460374265105,mock_market
2026-07-17,000141,演示证券141,8.619042567931107,0.43827016851364636,277987671.4858732,11843254879.845955,1.013413786523067,mock_market
2026-07-17,000142,演示证券142,44.503299906528405,0.7047529428375086,206304813.4166785,11248768841.297613,5.092809526140981,mock_market
2026-07-17,000143,演示证券143,14.60199244728937,-1.217963566124635,130823684.32016152,24368245696.14699,3.223227481170786,mock_market
2026-07-17,000144,演示证券144,49.66116559373342,-2.5274429548658754,15592198.133615736,37552568980.80026,3.757048918992614,mock_market
2026-07-17,000145,演示证券145,83.65820026976436,1.0483410948456509,318044739.48485297,746401652.3822358,2.570410951750645,mock_market
2026-07-17,000146,演示证券146,52.47869399293253,-0.7830578604512992,311336754.5897375,2274714841.838397,7.230007245379007,mock_market
2026-07-17,000147,演示证券147,25.737174156780007,-0.18846140677083184,380498764.0606248,8867918952.36583,2.361874530836982,mock_market
2026-07-17,000148,演示证券148,94.7677389866711,0.49273035038838847,1281912826.8096292,6055340614.957776,3.476686799214057,mock_market
2026-07-17,000149,演示证券149,95.72648269039908,3.6727780398954537,116400667.70800014,5228046557.725761,1.6242336023896942,mock_market
2026-07-17,000150,演示证券150,72.02088537466724,3.532381777966881,358361027.2664978,3439934522.404762,4.630638487137127,mock_market
2026-07-17,000151,演示证券151,117.2332698715356,-0.08282818612283632,965868310.9276756,7098793512.08038,6.402087576510538,mock_market
2026-07-17,000152,演示证券152,90.04223460935751,1.0550221011393333,261509637.5450365,24701452318.525566,1.9220201806420718,mock_market
2026-07-17,000153,演示证券153,23.541904040082905,-2.942250725236424,314438947.2246114,4424618629.844905,4.476478852642406,mock_market
2026-07-17,000154,演示证券154,97.23154245197489,-0.7976337634442037,334578189.17703736,14276576245.861063,6.623198302570779,mock_market
2026-07-17,000155,演示证券155,118.60949344289793,-0.5793256216022287,212498095.38195962,5856823616.981851,0.8742593034016712,mock_market
2026-07-17,000156,演示证券156,63.19891298145398,-2.151031792217954,327112576.8427196,6319253709.292985,3.2548561143420756,mock_market
2026-07-17,000157,演示证券157,58.15342360580727,0.8518393285857941,513382702.7588981,3132249241.1835623,6.970530327495435,mock_market
2026-07-17,000158,演示证券158,87.83762046821049,0.396483117778679,237362219.20230588,35469795667.432274,2.8347652223635182,mock_market
2026-07-17,000159,演示证券159,95.89592201854616,-0.44248754396559625,447267264.26190585,13092574825.010355,6.653865112810129,mock_market
2026-07-17,000160,演示证券160,94.26521297197645,-5.77112909609066,264786787.6491121,8359388663.763109,4.16202998173721,mock_market
2026-07-17,000161,演示证券161,41.00847544728951,1.9481066445984307,870170222.3763905,3436734843.6529965,5.709933001007037,mock_market
2026-07-17,000162,演示证券162,15.315934893504512,2.210558316036359,857245041.9791368,27592973307.552647,6.743213681126024,mock_market
2026-07-17,000163,演示证券163,20.641082656376092,1.310756782492614,613346139.8294156,19228779627.802135,3.242349612879941,mock_market
2026-07-17,000164,演示证券164,42.34671434562385,1.0772284122400593,146583426.11690348,6687680369.286104,7.777490292805879,mock_market
2026-07-17,000165,演示证券165,91.427753223925,1.0290514639035193,845216730.1214049,1948570774.3900645,5.542124123861866,mock_market
2026-07-17,000166,演示证券166,52.89028054362319,1.4460411901902004,542810595.8886471,5859767595.606129,7.884280819044526,mock_market
2026-07-17,000167,演示证券167,119.80343045378997,-0.7723606977558892,184016444.45228282,13677813128.058949,0.768071544102052,mock_market
2026-07-17,000168,演示证券168,17.1145454812873,-2.1337985960414634,336711451.6817214,6174626642.276324,7.813674594089568,mock_market
2026-07-17,000169,演示证券169,55.37316085134012,-0.4051716782029682,429433909.6925768,20456274308.994846,1.0559548026068946,mock_market
2026-07-17,000170,演示证券170,14.69430821534153,-1.6601010782591505,268156779.68557048,13863373894.011429,1.2962010465053453,mock_market
2026-07-17,000171,演示证券171,19.253144228526494,-1.2609167388383709,753875596.6936266,22663855727.16298,5.198346411305485,mock_market
2026-07-17,000172,演示证券172,47.83322993715625,0.30368570606207196,577450294.5143397,13681018259.564747,4.07203993880776,mock_market
2026-07-17,000173,演示证券173,16.01059546461936,-1.4850370499110819,49381273.77076596,19435526778.26343,5.091003716911417,mock_market
2026-07-17,000174,演示证券174,83.70602596221212,-0.18918665464388465,172811211.69511575,5391446074.395862,7.495799852975586,mock_market
2026-07-17,000175,演示证券175,97.44227657541778,1.067011643687913,68996342.08523513,14075384997.386555,2.651695579159595,mock_market
2026-07-17,000176,演示证券176,48.85214182690538,1.7935284888372984,138053322.4351546,1474300774.5549948,3.851768992015037,mock_market
2026-07-17,000177,演示证券177,42.37499486626145,-2.4772310642998083,249183325.00475952,3901087066.7387247,7.147689766424507,mock_market
2026-07-17,000178,演示证券178,11.712923556924947,-3.529798510595309,525025615.60744256,5976422207.829143,6.543197896306138,mock_market
2026-07-17,000179,演示证券179,101.87473908290359,-0.5803089311422163,620714771.2603956,1306536781.580463,1.5768993332922414,mock_market
2026-07-17,000180,演示证券180,56.877157489836456,-0.951819655449524,111403219.97657567,6831042312.241905,4.88038067055126,mock_market
2026-07-17,000181,演示证券181,69.0416240172183,0.32480747386864667,437437956.2618254,2157124114.2091002,0.9598689773950879,mock_market
2026-07-17,000182,演示证券182,86.97017931413981,2.1874826980964963,807309491.9616472,5285344527.031503,1.85396285629681,mock_market
2026-07-17,000183,演示证券183,53.04763229784793,1.1867119946677995,541107589.435376,6605759143.481553,3.3575439199945167,mock_market
2026-07-17,000184,演示证券184,62.90389040988998,-0.21913049610357738,1087372578.948215,5910438505.635679,2.5801392500996143,mock_market
2026-07-17,000185,演示证券185,83.17900494688386,-0.9130261222539267,1189013963.652292,5711774749.738463,4.314060845607273,mock_market
2026-07-17,000186,演示证券186,43.72988553353592,1.5542121883117808,79145430.77960216,4607321169.541453,0.5241675971368125,mock_market
2026-07-17,000187,演示证券187,43.585004793423465,1.1572518977089503,83409972.27028513,205426176.43797198,4.7344617546333945,mock_market
2026-07-17,000188,演示证券188,61.848801977028145,0.42204723131974514,271386254.46777743,5492116608.313928,0.8575753790699381,mock_market
2026-07-17,000189,演示证券189,28.784418543046296,-1.1930642603339499,128638369.63377996,4409461948.054341,3.9126071951458825,mock_market
2026-07-17,000190,演示证券190,14.837514082982931,-1.159942328154307,316559938.5421151,6315874751.540904,3.105946447103758,mock_market
2026-07-17,000191,演示证券191,21.235957171575087,0.712824907471096,237846516.09838918,1657661500.5929708,3.3132315807515638,mock_market
2026-07-17,000192,演示证券192,75.86658213601306,-0.38234366322770985,718668293.7942646,1716858246.2792556,6.686238098035172,mock_market
2026-07-17,000193,演示证券193,114.70016562200894,1.4557170170615157,232992739.92632458,1363294615.8777392,6.442073629289461,mock_market
2026-07-17,000194,演示证券194,111.13226512010712,-2.964686179831271,41765243.87197232,5450435430.595348,5.353385538396312,mock_market
2026-07-17,000195,演示证券195,26.56845913176461,-1.16751767379299,166776043.83632907,26768995156.80596,6.538521703057475,mock_market
2026-07-17,000196,演示证券196,15.611509792425409,-0.6685237230519505,92283094.32418394,13677208283.304691,2.2735690344761856,mock_market
2026-07-17,000197,演示证券197,72.60958193108861,-0.21872238853655265,388476206.7728912,11482716160.597967,0.8126856510392928,mock_market
2026-07-17,000198,演示证券198,48.04602634802072,2.270200741009608,615603476.1393595,10941389282.583162,1.2031406250997942,mock_market
2026-07-17,000199,演示证券199,20.323158108429382,0.44589763067967064,113950282.97600147,14611632895.190744,4.369555658077664,mock_market
2026-07-17,000200,演示证券200,89.548406358632,0.511684396421499,118930005.4619126,1988981630.6133509,4.686229452448012,mock_market
2026-07-17,000201,演示证券201,36.48242206797123,-2.0008228090130467,270724390.67873585,18687875456.804485,6.12247293032001,mock_market
2026-07-17,000202,演示证券202,8.170398200651029,-0.5980558757778311,1225177536.47891,3687323155.1725526,7.344645496977825,mock_market
2026-07-17,000203,演示证券203,12.685774715684326,1.3208977856799147,241411523.6134512,17463105517.45817,3.3358568534162374,mock_market
2026-07-17,000204,演示证券204,27.757181739409475,-0.7969521802971746,596327579.4727678,16208365523.305483,0.23831815406454143,mock_market
2026-07-17,000205,演示证券205,39.540853438595036,-3.5529243178078787,269089434.8592853,7839153525.648533,4.626669815705652,mock_market
2026-07-17,000206,演示证券206,100.51072955630865,0.5928127242765271,964673338.4016013,4406439222.493764,4.847864482209785,mock_market
2026-07-17,000207,演示证券207,4.999227034808762,-0.6868798799346143,158537052.12051073,16846956124.97063,7.470141237606506,mock_market
2026-07-17,000208,演示证券208,26.344592713605874,-0.8170584416796123,117519074.87478958,2167664299.456221,6.366148856556989,mock_market
2026-07-17,000209,演示证券209,6.856242277690598,-1.794300731883905,197352732.77942502,3848417783.9100356,4.9570703994156045,mock_market
2026-07-17,000210,演示证券210,19.96721730198004,-2.6288994700141646,159917424.25412187,2270607463.0621643,1.9300394006091026,mock_market
2026-07-17,000211,演示证券211,95.0546714494628,0.25255978617550606,488564088.17906374,1705826246.6539345,3.7913436273424415,mock_market
2026-07-17,000212,演示证券212,113.0953118162329,0.42159622590899953,755599052.2828538,5996718690.220942,3.2772768221075603,mock_market
2026-07-17,000213,演示证券213,106.18208150365798,1.5918982176824819,566811090.5985316,34459310848.198006,6.203336770940027,mock_market
2026-07-17,000214,演示证券214,101.90529293664297,-1.3344272918337055,1673714606.744156,23724895140.03092,7.426850973198378,mock_market
2026-07-17,000215,演示证券215,102.31120927666426,2.780191553985992,707765809.5718901,5050036035.635637,5.909222134386159,mock_market
2026-07-17,000216,演示证券216,17.525107335907705,-4.20183239485428,333443239.04707223,19636670287.491817,3.623669310308908,mock_market
2026-07-17,000217,演示证券217,97.28733817126675,-1.1903512133664973,198910237.07073903,14619916506.097452,3.0295385285066114,mock_market
2026-07-17,000218,演示证券218,9.69680000617814,2.5847891531063993,641479447.9306377,23423871521.4844,5.7191061716846585,mock_market
2026-07-17,000219,演示证券219,107.26863548715383,-0.1674879533872857,134885757.23634127,2377796908.495515,6.632659531509336,mock_market
2026-07-17,000220,演示证券220,22.753694420927832,0.6124615861808373,86206666.74515283,12441203264.225416,4.450238819260281,mock_market
2026-07-17,000221,演示证券221,53.82288184338156,-1.2320821440334269,633675264.7095298,2374545252.308898,4.821451770346634,mock_market
2026-07-17,000222,演示证券222,77.96849021456988,-0.7838319078971727,413735233.19289327,18431082307.60088,6.724868397168438,mock_market
2026-07-17,000223,演示证券223,10.237656249134547,0.03393647347714379,355193868.0340352,6833574632.265461,5.299267462627686,mock_market
2026-07-17,000224,演示证券224,15.426308147128358,-2.5468053425455426,139710389.03352326,7580279148.672443,2.4439245138969947,mock_market
2026-07-17,000225,演示证券225,78.60165891899793,-1.3945647996753996,149925834.24745283,11774249083.936157,6.083278873156117,mock_market
2026-07-17,000226,演示证券226,51.370993051486124,0.23615123917201536,490768096.4630639,5160147613.827665,1.4402312771585761,mock_market
2026-07-17,000227,演示证券227,70.0094570893982,0.6321608922302702,452128649.59578025,3817343209.46651,2.844739359979671,mock_market
2026-07-17,000228,演示证券228,74.09731511511674,0.012212167676639019,807257547.5851742,16328901594.689528,3.1043998675496423,mock_market
2026-07-17,000229,演示证券229,27.862014136952563,-1.9379773010533938,56382254.52709705,5676711891.946738,6.541364555740752,mock_market
2026-07-17,000230,演示证券230,24.41386722176387,2.313052626832815,265349924.60163113,7325624242.534891,7.919822530751819,mock_market
2026-07-17,000231,演示证券231,33.935125108629684,-0.7550795248821127,186799201.4572928,15446232723.27337,0.9437170524622709,mock_market
2026-07-17,000232,演示证券232,93.61166131281344,0.7726639822857115,147146420.44996178,4249945579.871269,4.948297510528972,mock_market
2026-07-17,000233,演示证券233,14.229694164740216,0.8909344232796408,1031993527.9759074,10067781267.287704,5.632264939953583,mock_market
2026-07-17,000234,演示证券234,4.855997678857475,3.182038546163149,243489460.84584498,5458163823.049279,3.2965595106411674,mock_market
2026-07-17,000235,演示证券235,75.33152980265326,-0.9561250029396933,168074393.468477,32019213257.80136,0.325156879482169,mock_market
2026-07-17,000236,演示证券236,24.706026099777468,-2.522135382610999,159037845.14960858,2206153384.1882763,4.408235814016987,mock_market
2026-07-17,000237,演示证券237,39.73608557546625,-3.39617944905481,285067756.15492576,6073065200.364656,0.27656380671697955,mock_market
2026-07-17,000238,演示证券238,33.503575823682425,-1.578617074012726,256134540.37586024,7428316333.133142,1.0702484601054953,mock_market
2026-07-17,000239,演示证券239,16.408971160688896,-0.3339944305395768,102230080.38820833,6731227160.091795,2.7859825040628325,mock_market
2026-07-17,000240,演示证券240,90.27505065528318,-1.1086305277886823,142002187.71817988,3490158133.1312633,7.284387946259661,mock_market
2026-07-17,000241,演示证券241,19.109201204686443,-0.895800997489314,421360796.6483954,23806352968.295406,6.012833899684734,mock_market
2026-07-17,000242,演示证券242,24.650530757820466,-1.0775898917352893,421747103.7499761,21768197147.691715,1.242726577194828,mock_market
2026-07-17,000243,演示证券243,45.48871211159583,-4.048587654326774,73488952.59438694,2251409769.2495174,3.734179235200472,mock_market
2026-07-17,000244,演示证券244,68.68460840850564,-0.5548543359730861,603874082.2300515,5899467222.003877,5.683661389852619,mock_market
2026-07-17,000245,演示证券245,79.44591210709835,-1.9617878234284012,685379206.5707372,1892327182.630391,5.054241112369952,mock_market
2026-07-17,000246,演示证券246,70.6319105476426,-1.8750310956922422,200224100.5241274,1397795687.1726813,5.914487762037366,mock_market
2026-07-17,000247,演示证券247,109.20264386532413,1.354171683816717,534871719.96561104,17459257877.630672,5.84720595707252,mock_market
2026-07-17,000248,演示证券248,116.013002572169,0.949111674916953,227117978.28920093,3032954213.328747,1.036485125880958,mock_market
2026-07-17,000249,演示证券249,50.174092867069525,1.1207690360771647,118654712.90730663,8714067654.073103,2.4409744704150094,mock_market
2026-07-17,000250,演示证券250,101.2245273432968,-1.755177792313333,414928041.3359665,4265229808.564743,4.76477696171607,mock_market
2026-07-17,000251,演示证券251,99.5289740738823,0.45039202045807364,74859162.23468697,18849845765.615494,2.286686807049399,mock_market
2026-07-17,000252,演示证券252,119.51933862502473,-0.852006241602097,242523536.31856027,23756568352.932606,6.834278527982744,mock_market
2026-07-17,000253,演示证券253,59.24941878064185,0.5827520697835789,340425400.87056786,22236410653.708397,5.343769306734238,mock_market
2026-07-17,000254,演示证券254,4.591427570996952,2.715260634226552,614879467.1932667,2892466369.1418376,7.977363218004592,mock_market
2026-07-17,000255,演示证券255,67.05357490855464,-1.9545589994935662,274874598.33117324,45728544578.30264,4.965306063233327,mock_market
2026-07-17,000256,演示证券256,91.18399171343995,-0.28419079889200716,272039977.2165383,2084827018.8711467,6.9469706442372186,mock_market
2026-07-17,000257,演示证券257,113.1141890290022,-2.1198993561482427,513396604.7343935,31363696461.578682,2.9807737920171578,mock_market
2026-07-17,000258,演示证券258,48.253685296373234,-0.365747687504413,119593701.79862484,6074151614.634415,0.852716230607627,mock_market
2026-07-17,000259,演示证券259,90.93840711617757,0.4343031336459305,109020339.16464463,1632118721.270914,0.8822105052679658,mock_market
2026-07-17,000260,演示证券260,4.899860161092999,-0.6439058039229549,231066555.83715734,2444894766.952104,4.68210656153249,mock_market
2026-07-17,000261,演示证券261,109.31574035954482,0.6184309549216409,1181273641.0209465,12269343959.372023,4.775366658347111,mock_market
2026-07-17,000262,演示证券262,49.724334203801334,-2.0511001424770003,127426928.61947472,18607482185.130478,1.3291319368127164,mock_market
2026-07-17,000263,演示证券263,118.1050666931099,2.0742025957449175,316796291.992311,4911118223.3129,3.322876153733218,mock_market
2026-07-17,000264,演示证券264,13.139618290818424,-0.5887005384926957,129464494.24929383,18274861770.772823,2.058805281182192,mock_market
2026-07-17,000265,演示证券265,62.289897268647636,2.7555347330380213,310948292.6917063,8210411965.34037,2.9952480112222877,mock_market
2026-07-17,000266,演示证券266,38.725414398353976,1.1040012625217586,325690359.77734005,16412781253.66152,3.8518222157103303,mock_market
2026-07-17,000267,演示证券267,99.42228720063042,0.3175207552555867,122785271.51327719,2515994869.262764,7.793912488298382,mock_market
2026-07-17,000268,演示证券268,94.49980831831301,1.8176256225798104,120627565.17618753,8121782465.105503,4.779286204462784,mock_market
2026-07-17,000269,演示证券269,103.43612557085272,-0.25367624091605784,222769800.42867324,14190596002.744583,5.772923750712546,mock_market
2026-07-17,000270,演示证券270,29.8625020605866,1.8135394342274669,452431835.78093755,6139912143.006129,0.7085754130456767,mock_market
2026-07-17,000271,演示证券271,109.17513422365339,-0.6350941396783816,283301397.1331209,2592062083.802399,1.019075480044041,mock_market
2026-07-17,000272,演示证券272,14.598302256565908,-2.8894819056783736,99256980.53552207,9248167521.794426,4.935861838674379,mock_market
2026-07-17,000273,演示证券273,3.595423713744002,1.4164897659217826,385067299.119104,1026899021.9456992,0.2048265957686414,mock_market
2026-07-17,000274,演示证券274,16.259972271308126,0.82262197751324,905109007.9350572,8420151796.788736,2.4709061101118066,mock_market
2026-07-17,000275,演示证券275,74.28824494302596,-1.5654887237548267,307239996.0500426,15774264775.020998,1.236537532725872,mock_market
2026-07-17,000276,演示证券276,7.6163107470633,-0.5587578337852194,147701084.59835854,4560720219.438938,3.9239103025510533,mock_market
2026-07-17,000277,演示证券277,112.32501717333268,0.4931543623152174,142493742.47599015,11523353572.462023,4.612104963250273,mock_market
2026-07-17,000278,演示证券278,70.84281455936784,1.2113613847503175,357176910.90530026,5460039051.958878,6.869802160737459,mock_market
2026-07-17,000279,演示证券279,28.25091124723523,-1.5606392678953143,118795505.27339675,56514484420.62419,5.884552893631251,mock_market
2026-07-17,000280,演示证券280,80.40215772892482,1.4996039616852488,1365450446.5077958,1340971426.358816,7.802981471898033,mock_market
2026-07-17,000281,演示证券281,14.821952323209073,-2.4144650300759944,102904051.35935418,3460933147.0549526,6.270511597755472,mock_market
2026-07-17,000282,演示证券282,76.2300474623134,1.1249448653593654,1183924747.3706865,22524751292.776173,2.2462811670793847,mock_market
2026-07-17,000283,演示证券283,89.1090040898182,-2.0952378469408948,583673235.8805975,9761143057.912182,0.22213387783512298,mock_market
2026-07-17,000284,演示证券284,110.30422260025975,-2.3511489823590774,396404832.94569904,12174310709.152431,0.39483561593081884,mock_market
2026-07-17,000285,演示证券285,115.7013431218942,-1.0178069565224763,490424947.6059726,13102907369.01164,3.4916692013975115,mock_market
2026-07-17,000286,演示证券286,78.99948509536891,0.18984898547040957,369578893.48231906,59253711591.887794,2.028994474533874,mock_market
2026-07-17,000287,演示证券287,111.68720024072071,-0.2154915848463792,262361462.2750785,8417650816.47729,2.105754972337538,mock_market
2026-07-17,000288,演示证券288,43.40123801822762,-0.7811744717290716,103159058.61203662,1150933063.7207613,2.502614126185321,mock_market
2026-07-17,000289,演示证券289,38.229981584149115,-0.31288855801354537,101595153.99436605,2422249552.9572935,4.8749667536873575,mock_market
2026-07-17,000290,演示证券290,17.762368514794716,1.1260714219541312,353933556.559273,19345694240.26808,5.726272051762213,mock_market
2026-07-17,000291,演示证券291,34.27783493260357,-4.348863148507788,274512495.35651684,19909918168.02538,5.768651574066155,mock_market
2026-07-17,000292,演示证券292,52.11281703910536,0.6943772795085448,257049868.50620934,5396709207.538758,1.1548538581710064,mock_market
2026-07-17,000293,演示证券293,110.49626005566495,1.1992029224022989,778540536.611225,9189293346.33598,3.2910787547925158,mock_market
2026-07-17,000294,演示证券294,20.49953494011246,1.8100368336290673,317260846.30054915,6247174559.072106,4.467723223853683,mock_market
2026-07-17,000295,演示证券295,74.29173587659544,2.663522801638747,47705756.63857001,7543364581.939151,0.6354208300681922,mock_market
2026-07-17,000296,演示证券296,84.6214550039217,2.653633974988707,470682260.8424621,2191268944.635703,2.612025396960947,mock_market
2026-07-17,000297,演示证券297,76.48982163639094,-1.2040756331680402,203123741.92199805,5257358332.38455,5.6349653973700615,mock_market
2026-07-17,000298,演示证券298,44.88975819697359,-0.6039527554123869,133721704.55226342,2139767280.5792115,0.6264072934042639,mock_market
2026-07-17,000299,演示证券299,66.40301298840268,-2.9789328602902287,407836778.09441453,6199976862.945746,1.2031004398587157,mock_market
2026-07-17,000300,演示证券300,72.22633161330072,-1.8526278188318668,223671790.221155,26350895969.96988,0.6081091969058277,mock_market
2026-07-17,000301,演示证券301,114.83875526107948,-0.2713261093957466,247107993.307505,49192063675.440895,6.724221875040544,mock_market
2026-07-17,000302,演示证券302,48.09692664319153,-0.14459525282325209,247487398.03741756,5880096314.610703,5.771780063930843,mock_market
2026-07-17,000303,演示证券303,80.03422360115972,0.290140653200948,301480754.02448595,4929111395.716541,3.17911910878428,mock_market
2026-07-17,000304,演示证券304,13.794468689785674,-1.8648840258841706,536314834.09359175,4493688698.476802,7.507077457902496,mock_market
2026-07-17,000305,演示证券305,14.503184424534682,-2.131090644211122,633855518.8653375,5671550631.818334,6.512390244807215,mock_market
2026-07-17,000306,演示证券306,62.36938122985323,-0.3289101821024092,84517901.92941076,30196753927.07518,0.3065300899108193,mock_market
2026-07-17,000307,演示证券307,10.760798062867893,-1.120196688092764,478651047.75981283,3924995852.566654,7.164812064604247,mock_market
2026-07-17,000308,演示证券308,68.56275864608286,-4.405568840447442,168472883.63850865,30495051282.419014,4.490080019581148,mock_market
2026-07-17,000309,演示证券309,110.46902304679095,0.2620111355010934,135450687.3013933,4702800394.752173,3.575292821987504,mock_market
2026-07-17,000310,演示证券310,115.56484661926018,-0.7236369482550397,272117833.6337432,8270638377.310627,1.7650767502341742,mock_market
2026-07-17,000311,演示证券311,11.896073940897772,5.123167031387924,247134582.75262663,3631368652.725191,5.494691928246576,mock_market
2026-07-17,000312,演示证券312,28.39152231556822,-1.4010913809010497,139009961.93579966,17487663962.039017,6.434644001630531,mock_market
2026-07-17,000313,演示证券313,85.09134199374523,1.436371263365897,296832129.1562539,6303113138.647403,6.63257375949751,mock_market
2026-07-17,000314,演示证券314,26.060086677422063,-2.9400357079022266,210722786.40767363,6105786885.975912,4.698450648286155,mock_market
2026-07-17,000315,演示证券315,96.57282305316825,-0.752800523952573,908220005.6789724,11977946058.707045,6.77609012980264,mock_market
2026-07-17,000316,演示证券316,70.07257730418381,-0.7685626578613844,347793496.0185929,989445152.0562444,7.602203005097111,mock_market
2026-07-17,000317,演示证券317,57.65178921341777,-2.6662749362857427,157303187.02552792,1660454746.4019687,4.748011559912721,mock_market
2026-07-17,000318,演示证券318,23.746711260811214,-0.827287377800461,230542827.65868106,6836535362.693308,4.026773320872419,mock_market
2026-07-17,000319,演示证券319,77.62077458774654,-1.6358052635087892,160151446.7045648,2689445211.601608,3.385878069702075,mock_market
2026-07-17,000320,演示证券320,85.02994694469051,0.3762791288940592,202115567.03501526,1863744340.3458781,2.563885183152967,mock_market
2026-07-17,000321,演示证券321,118.34834500057242,-1.16572468460328,88821544.23009878,13820255358.75785,0.7551190118438014,mock_market
2026-07-17,000322,演示证券322,37.229182428280986,-0.485278059906673,84457417.94828139,12366061134.15858,5.021130935824432,mock_market
2026-07-17,000323,演示证券323,18.30138569765953,-0.5175986344371233,1662720881.7919629,8374965258.632434,2.2184795786720906,mock_market
2026-07-17,000324,演示证券324,57.790235706702276,-0.953512692475553,315629900.3146736,1763574309.4738407,6.661188917474228,mock_market
2026-07-17,000325,演示证券325,4.8760159338376114,1.4556950539187379,210512291.6530472,13826954208.89606,0.6572621453617733,mock_market
2026-07-17,000326,演示证券326,47.70261153552533,-0.27363425391120244,80186645.75000586,16565004932.60253,6.729436725558807,mock_market
2026-07-17,000327,演示证券327,13.279966226067646,-1.9403828595464931,352187522.9861201,3244970253.303929,0.6412047406210466,mock_market
2026-07-17,000328,演示证券328,70.58462263303637,-1.4005059415623777,248503352.59978542,9010733679.152025,4.966793619965989,mock_market
2026-07-17,000329,演示证券329,51.19673627020477,0.16156526544816485,1187394490.96775,1637744444.173389,5.447101932893814,mock_market
2026-07-17,000330,演示证券330,60.14024430738462,-1.287137878436139,158544724.94308376,24599676414.276142,2.2416991324169593,mock_market
2026-07-17,000331,演示证券331,75.60105919771482,-2.7455427722344625,1894613421.7350402,2702356937.2270103,2.6960803901211965,mock_market
2026-07-17,000332,演示证券332,33.81318885094996,-0.36091356824794096,67617339.16178133,14476355151.192734,7.492935057620759,mock_market
2026-07-17,000333,演示证券333,6.717926537296309,-1.053263988160722,89868134.77453783,4430847512.719399,1.1805713469470271,mock_market
2026-07-17,000334,演示证券334,8.580874455575959,-0.9243609367668957,716181539.7542601,3159276078.375902,0.22648148159544915,mock_market
2026-07-17,000335,演示证券335,101.41671456422135,-0.411515907914362,338938112.5192668,6558043428.7521715,5.8452181121888165,mock_market
2026-07-17,000336,演示证券336,82.55722035130128,0.6960123662981608,331195668.36238045,7569487735.497985,4.039017510635825,mock_market
2026-07-17,000337,演示证券337,40.312078787979154,1.8879228150287495,252673312.22373068,7295187236.232617,2.007301523144882,mock_market
2026-07-17,000338,演示证券338,110.05820422883752,-1.6671589981589723,432098734.61018306,16009829053.150753,5.837953119404022,mock_market
2026-07-17,000339,演示证券339,101.77349916672996,-2.272967312929673,124342436.50745033,28020331154.18872,7.764657642411946,mock_market
2026-07-17,000340,演示证券340,90.46192142789579,-4.377919716908798,473019912.3058931,4075923880.262286,3.171960575013553,mock_market
2026-07-17,000341,演示证券341,14.243809668588964,-3.0717155918045025,951611746.6411668,4890840905.221424,2.4152653649594313,mock_market
2026-07-17,000342,演示证券342,90.57750436847665,-2.3241417866855505,221636708.5284139,1077517470.9004018,7.270213184799062,mock_market
2026-07-17,000343,演示证券343,8.332449472664578,-0.6871699405720835,427770615.7147599,12763833876.960936,1.5473526290058726,mock_market
2026-07-17,000344,演示证券344,46.25774072094707,-0.8934803618019493,553340929.7719659,1981436084.4979537,5.537235252941056,mock_market
2026-07-17,000345,演示证券345,6.920656219988732,0.1291619886839766,180540059.03861883,7044058247.483373,4.555483510219488,mock_market
2026-07-17,000346,演示证券346,4.266114597693999,0.4913433217996687,110395040.09772156,1415079681.8938396,2.694202918633794,mock_market
2026-07-17,000347,演示证券347,96.07549207138402,0.7862003121422885,413694879.3043259,8418006112.717463,0.447738509171391,mock_market
2026-07-17,000348,演示证券348,101.94308021391282,-1.0658338186435,45123267.07321785,2134486838.9060557,1.5058748935004893,mock_market
2026-07-17,000349,演示证券349,8.200510313014073,2.117320117209103,60110309.11507274,5648621116.162046,7.724761274765024,mock_market
2026-07-17,000350,演示证券350,63.3451445187487,-0.625611573446811,47058364.1307197,18757585601.80849,1.5204480949242227,mock_market
2026-07-17,000351,演示证券351,77.0004731042795,-1.6392844807726958,311320287.53844917,3898128509.5606556,1.4787820694082756,mock_market
2026-07-17,000352,演示证券352,31.94780907216902,-2.3627712786525827,250732329.0997008,7024578918.465568,6.836465553178378,mock_market
2026-07-17,000353,演示证券353,52.1805403276278,0.027449968656448775,1031867763.474229,1804897996.1640222,1.2378252192790042,mock_market
2026-07-17,000354,演示证券354,63.81470868616162,0.31624917417396453,404587915.504887,14991068567.919884,0.8118357668203435,mock_market
2026-07-17,000355,演示证券355,14.31854675258331,0.39976031904848425,44874340.7684284,5092749650.035602,1.7124650598401892,mock_market
2026-07-17,000356,演示证券356,49.47494989899405,-1.0170694652656602,159985579.84249908,4019380344.4954605,2.462863705254373,mock_market
2026-07-17,000357,演示证券357,13.674883814023357,-0.5231153174753601,373759049.53335965,16684757915.725462,5.054974038882401,mock_market
2026-07-17,000358,演示证券358,90.32157556455368,-0.965489368397449,201734304.92785376,9622188740.247866,0.7972053258406697,mock_market
2026-07-17,000359,演示证券359,95.83540495126964,-0.30056207871659846,2670334476.018972,11958436536.910637,6.196534449776126,mock_market
2026-07-17,000360,演示证券360,52.816939828686216,-0.29374516257913486,1609280224.6964653,2567187529.7320676,6.745151741498323,mock_market
2026-07-17,000361,演示证券361,81.95660612548012,-1.1893827413557343,333852446.1438197,19180410426.73744,1.9930663235417088,mock_market
2026-07-17,000362,演示证券362,42.408736727977484,0.7078003594987006,124603560.14524706,24853366700.71605,2.445365936192816,mock_market
2026-07-17,000363,演示证券363,94.15675755879623,0.7061959757850294,175437618.72694063,3365119882.078656,0.25910307070916905,mock_market
2026-07-17,000364,演示证券364,8.70405379563714,2.914322876882379,237613162.27264372,3219381479.5395355,4.086881248922239,mock_market
2026-07-17,000365,演示证券365,86.87603935735001,1.6549779473773636,761145237.9273022,724027341.8201939,0.6018163985233775,mock_market
2026-07-17,000366,演示证券366,81.40002663780655,0.3082738347991634,952420130.724832,6870114780.468755,5.469806015063189,mock_market
2026-07-17,000367,演示证券367,104.80084523883778,-2.6268849590467185,471213458.991222,1553568598.7476242,0.35816054851081547,mock_market
2026-07-17,000368,演示证券368,14.929876076516166,2.448431201511863,1918945019.7691946,11415144600.13203,2.479946825030004,mock_market
2026-07-17,000369,演示证券369,97.6750195324563,-3.046739672863819,377937318.27894056,3723374526.861048,1.7227130868479457,mock_market
2026-07-17,000370,演示证券370,72.44544383909476,0.5430638120708189,177489039.97100675,18655988826.26323,5.270571644673821,mock_market
2026-07-17,000371,演示证券371,38.95924058293277,-2.17119119596375,45640393.67357204,7751648601.151341,7.46760304179708,mock_market
2026-07-17,000372,演示证券372,108.60082241210057,1.9820063217321446,264805906.45289075,14032733842.01485,6.387512423896491,mock_market
2026-07-17,000373,演示证券373,56.82801829778967,-0.8050209880218782,274642077.42826545,2395260172.631526,2.436484138080962,mock_market
2026-07-17,000374,演示证券374,76.66363051395939,2.9849622644526543,580644632.7692894,2114428897.7599816,3.9412944395415614,mock_market
2026-07-17,000375,演示证券375,44.43205105324422,-0.5867236720107964,284181307.9060286,3431750081.1571355,3.359787955188375,mock_market
2026-07-17,000376,演示证券376,98.95403978336344,-2.2483432088375914,663642637.2120495,9156280286.999605,7.115481303833782,mock_market
2026-07-17,000377,演示证券377,81.92248047785944,2.7174265662626276,109855130.76888236,1102528557.5378926,4.452725320461996,mock_market
2026-07-17,000378,演示证券378,111.64029161185152,-1.7456327995945733,503647301.340925,6381895553.019528,7.048777520584343,mock_market
2026-07-17,000379,演示证券379,14.087687125794588,-1.278646126819395,938838959.2466955,8620408373.151737,2.6807462786369776,mock_market
2026-07-17,000380,演示证券380,49.02537999176748,0.7769000368244683,385546826.66037,1842316019.087218,3.6235486666031536,mock_market
2026-07-17,000381,演示证券381,17.92089411430843,0.6337884941617442,263804084.2097252,9839263460.258068,6.893266220885203,mock_market
2026-07-17,000382,演示证券382,99.65978213647301,-0.017203303801409747,227053253.25170285,28213647028.60031,2.4107101024550257,mock_market
2026-07-17,000383,演示证券383,57.00936300227152,-0.025392167844960678,145228740.13180098,8274829003.752003,2.6141273981723323,mock_market
2026-07-17,000384,演示证券384,20.505995322265505,-1.719092344538517,408026388.38924104,13834714604.25165,2.1099952206353967,mock_market
2026-07-17,000385,演示证券385,61.65937704669252,-1.7615890629898323,510683441.10832703,1485711125.8634539,0.6368859801632465,mock_market
2026-07-17,000386,演示证券386,13.725582705494684,-1.5884380683161563,203046082.8283909,5724528193.603948,2.0014939683827877,mock_market
2026-07-17,000387,演示证券387,41.71310317063038,-2.0958044964992246,69352554.05411018,16282246246.327858,6.544403945167291,mock_market
2026-07-17,000388,演示证券388,91.7224836905215,-1.3841204419987554,351249436.0610368,4670618490.507105,2.2019227250917197,mock_market
2026-07-17,000389,演示证券389,119.15466138691335,-1.8403410790036847,517312903.35675406,19150273093.914463,2.1088678519348543,mock_market
2026-07-17,000390,演示证券390,32.42817102278288,1.0284425161917068,500761280.4559135,4041222862.4171367,3.6461827346914055,mock_market
2026-07-17,000391,演示证券391,91.62022444531581,0.32535677648400024,119192939.86654864,1941646121.866513,3.8172398911364827,mock_market
2026-07-17,000392,演示证券392,110.80761992488233,1.9526238724699345,211738869.79226732,4490594009.399518,3.629902389037917,mock_market
2026-07-17,000393,演示证券393,90.86374709900632,-3.9189226322925785,148536899.84637925,5809278156.781314,4.8949868193564745,mock_market
2026-07-17,000394,演示证券394,14.368755248705995,0.4955930427620287,53518151.498421624,6863573003.207029,5.011308821261075,mock_market
2026-07-17,000395,演示证券395,37.4018278229194,-0.9851493116141126,115872272.23125757,31749853234.24664,4.63599016361029,mock_market
2026-07-17,000396,演示证券396,109.1682409390884,-1.049860032548037,51339195.96160192,7787571833.074434,2.244970260553038,mock_market
2026-07-17,000397,演示证券397,118.22183449315393,-0.4594896099609215,944243891.4688671,13516776905.242764,6.968148692699353,mock_market
2026-07-17,000398,演示证券398,87.45764198780996,-1.5582243987462472,656641561.4197047,986954273.3469272,6.513192403902139,mock_market
2026-07-17,000399,演示证券399,38.64568820459399,1.3357333726905147,117588983.22103423,10444430248.0448,6.437082836212195,mock_market
2026-07-17,000400,演示证券400,85.35152574170262,-0.18018410148811378,159001874.98727658,4160372204.4918313,3.58722578225448,mock_market
2026-07-17,000401,演示证券401,10.61657143369129,0.715604828998089,177650050.02499443,5283032076.071312,4.697193736999794,mock_market
2026-07-17,000402,演示证券402,97.21735718856645,2.0393619507151626,272881320.83732414,6964764847.115461,1.3133334160681047,mock_market
2026-07-17,000403,演示证券403,53.24161942449134,1.9177214883378824,383194036.8421218,3985965940.6117067,3.4604692674744673,mock_market
2026-07-17,000404,演示证券404,112.10327341830074,-2.097332662783401,689831422.2097903,836061444.7964294,1.8064702127993144,mock_market
2026-07-17,000405,演示证券405,7.949301053860532,-3.8569944329384205,351219080.58334434,3460115600.53706,6.578486247658495,mock_market
2026-07-17,000406,演示证券406,99.3742908502953,-0.8884704355112494,112638569.34722939,4252915274.1031904,2.476494560640841,mock_market
2026-07-17,000407,演示证券407,64.04211958847374,-1.6538057902378274,235636249.20928204,3059328109.3521,4.58920265367918,mock_market
2026-07-17,000408,演示证券408,95.4326959483506,-0.7124824637289694,283768047.42717177,4865886298.571343,0.6955567735374194,mock_market
2026-07-17,000409,演示证券409,16.161612161774528,0.672727686008646,378917422.19679546,2623257235.9454904,4.083392838527657,mock_market
2026-07-17,000410,演示证券410,117.98650810771649,-1.6601326822580709,738682967.9977698,28811924475.325386,6.089762445402311,mock_market
2026-07-17,000411,演示证券411,71.62200225300803,0.24574587189860825,145424453.35147643,835759300.898009,0.4713850718309913,mock_market
2026-07-17,000412,演示证券412,73.79221895756831,-1.2334335889609709,118229210.03500836,2638628756.3674026,3.9161149350020814,mock_market
2026-07-17,000413,演示证券413,13.461651977563214,-1.4088938615276028,615262984.4391533,1513559105.1837008,3.3490342404120903,mock_market
2026-07-17,000414,演示证券414,51.47430759015508,3.249217183564297,313101542.1140256,1926264268.0272396,0.3496894535716507,mock_market
2026-07-17,000415,演示证券415,93.37105203992685,0.0035956123256409844,146570727.74369425,2937755029.453923,7.4873282549841775,mock_market
2026-07-17,000416,演示证券416,93.76374120961286,-1.1514797950224662,269086329.9839815,16072268013.367174,2.4909810528463776,mock_market
2026-07-17,000417,演示证券417,43.532725344379,-3.306843824975462,509307681.64850336,1946870469.8582714,2.652071627834028,mock_market
2026-07-17,000418,演示证券418,91.28184871420808,-1.7780476740887503,1066573202.2357339,31482227710.413948,1.342830571588706,mock_market
2026-07-17,000419,演示证券419,57.732787998148986,0.2814058150755608,840228322.3876537,19738035842.580433,5.844101968820507,mock_market
2026-07-17,000420,演示证券420,104.5238849130463,0.38785791060814906,506067513.5872554,7270019144.233982,1.0732244532780015,mock_market
2026-07-17,000421,演示证券421,104.82038573155991,-1.2158060102215642,165998344.15938416,1659851449.9799051,0.20182463731740435,mock_market
2026-07-17,000422,演示证券422,114.37584480673023,-1.443230679782711,403861217.948625,4877361531.460036,3.0374334459563723,mock_market
2026-07-17,000423,演示证券423,14.600372652904275,0.621523742471219,1379002710.8481247,3121865163.079017,0.23971383017769066,mock_market
2026-07-17,000424,演示证券424,105.86903092605797,-2.0250419711403818,139565476.65538156,7537583794.130783,4.584923804010179,mock_market
2026-07-17,000425,演示证券425,68.72045133700423,0.8960474508751963,290878259.88952136,8346669034.456584,2.535012798986408,mock_market
2026-07-17,000426,演示证券426,98.34047289023393,-1.0042100720852445,812480864.5495714,152087642.6299758,1.9575382892770166,mock_market
2026-07-17,000427,演示证券427,93.40601192847689,0.3160172934485285,59075060.75196721,4085319514.941983,5.710459113409983,mock_market
2026-07-17,000428,演示证券428,64.40727661928412,0.08429709688902215,380774858.26937395,10776241990.35484,0.6841094014512907,mock_market
2026-07-17,000429,演示证券429,31.40166257852084,0.28486885208332263,206450980.56716284,5843329778.17259,5.17277972911857,mock_market
2026-07-17,000430,演示证券430,14.108265900111359,-1.5145325275578227,50520465.60400502,6063432118.267167,2.5048469643859175,mock_market
2026-07-17,000431,演示证券431,105.66167556836216,0.3118499762178801,67516341.44993591,49795339790.94963,4.202833773712001,mock_market
2026-07-17,000432,演示证券432,27.17785472234259,0.7887502769025876,753556099.7706974,13496182273.211258,4.241087741194446,mock_market
2026-07-17,000433,演示证券433,80.56863758653365,0.13949690645412782,704708494.1934527,13396135465.940784,0.9831611792064499,mock_market
2026-07-17,000434,演示证券434,47.83500247590019,-0.39704293264333773,165394758.9097646,1221625369.728869,2.4098886139811513,mock_market
2026-07-17,000435,演示证券435,29.567762665657447,0.24221075791450553,132000505.12607856,4044806921.6364636,7.815783169368426,mock_market
2026-07-17,000436,演示证券436,72.9718691400919,0.353051544297673,122618298.29078043,1961055067.7383673,7.011735184195774,mock_market
2026-07-17,000437,演示证券437,53.1403318418923,-1.8093083723299066,136521070.32492974,3726051131.5511737,3.2286481636681867,mock_market
2026-07-17,000438,演示证券438,119.15657789145425,-1.6493129503211552,2122613587.035068,2993568957.2910542,6.2255895773973995,mock_market
2026-07-17,000439,演示证券439,85.8039403363545,0.43590906081247366,370968147.90576047,2366046425.4912386,5.2639562599117795,mock_market
2026-07-17,000440,演示证券440,106.69672988761906,-0.1623139951422018,525872268.04087377,6338640517.145439,2.686350048806166,mock_market
2026-07-17,000441,演示证券441,74.16734594173879,0.8240731867094393,206464904.57034552,1076183554.2448375,4.00840889338933,mock_market
2026-07-17,000442,演示证券442,118.32604742480223,-2.9398957327970936,120337988.09883218,2029044695.4543295,1.956583355702249,mock_market
2026-07-17,000443,演示证券443,29.821463401844117,2.8574309464463012,230071788.2604167,4069270015.9741054,5.380097665734078,mock_market
2026-07-17,000444,演示证券444,48.24786017799916,1.519007015250825,252878833.55200082,11022876410.156563,7.235937551983382,mock_market
2026-07-17,000445,演示证券445,59.96866196326381,-1.7579661203761001,286053703.7037568,5510931640.221945,4.071510508261253,mock_market
2026-07-17,000446,演示证券446,23.012491091332915,0.49495245010693195,907038292.4860979,26893635278.428898,2.1782754261850372,mock_market
2026-07-17,000447,演示证券447,119.05062103972534,2.918900374341623,152917611.09547162,6906180971.128553,1.2739771689683919,mock_market
2026-07-17,000448,演示证券448,59.76462676508433,2.9197882529721935,187558652.1885105,13757928576.940487,1.557826444860142,mock_market
2026-07-17,000449,演示证券449,80.1152545827547,-2.600255871081026,436573163.7174618,19124648944.500576,2.109053261160866,mock_market
2026-07-17,000450,演示证券450,23.01268442826599,2.136770499212865,974118104.4417638,1342346071.51516,5.925757461401645,mock_market
2026-07-17,000451,演示证券451,12.863069713624197,1.6189440233162986,138298299.9906229,2874567955.5570283,3.7535549352636934,mock_market
2026-07-17,000452,演示证券452,62.76038142751478,-2.01872244734823,539832666.2815632,2905256587.94221,3.434918253652108,mock_market
2026-07-17,000453,演示证券453,36.98604266688225,-3.987748515456843,187555378.7352197,7798860818.328028,3.5585703194880547,mock_market
2026-07-17,000454,演示证券454,118.95685381241802,-2.0540005762315143,168785215.42442405,7945981203.143843,1.4091073409456534,mock_market
2026-07-17,000455,演示证券455,52.57191944966651,-1.2536113503925517,55991955.56006853,19188841777.56277,6.680186447816397,mock_market
2026-07-17,000456,演示证券456,109.29508155079934,-1.4963708789387906,499647099.4837642,2645417588.1957006,5.338685635461463,mock_market
2026-07-17,000457,演示证券457,88.48479215233297,-3.4066192462717266,183454982.76094544,3576556702.2839627,4.57213113371799,mock_market
2026-07-17,000458,演示证券458,64.45403499806119,-2.0544223992232116,60616599.29199936,3398497233.8446054,1.466492222516239,mock_market
2026-07-17,000459,演示证券459,77.19456645520194,2.325321106383698,270620936.3608803,3989596474.9434195,5.073519539972282,mock_market
2026-07-17,000460,演示证券460,7.1394091310881045,-1.9503611681703703,235618357.56266737,5842309663.664284,3.431550881153609,mock_market
2026-07-17,000461,演示证券461,92.818493904403,1.5128940443877834,104283963.02668233,10154037642.117527,3.848324770981055,mock_market
2026-07-17,000462,演示证券462,87.35210659171744,-3.5172711808911337,525363843.6677748,3491072793.5189204,3.596678834285447,mock_market
2026-07-17,000463,演示证券463,89.48098294343968,3.366125301279608,140223654.37038517,59071469123.29534,2.2690222470351946,mock_market
2026-07-17,000464,演示证券464,56.64554185013885,-2.8186991769834266,104220516.23084776,10190737691.724785,1.2218847035016371,mock_market
2026-07-17,000465,演示证券465,91.00760490448367,-0.1402544484220526,76726126.14225379,10665522970.040836,6.883897757180222,mock_market
2026-07-17,000466,演示证券466,69.13058044273734,-0.7403134723358167,1448990563.7560601,14304491231.084145,1.4644883877178592,mock_market
2026-07-17,000467,演示证券467,95.81699293515673,-2.020778314377296,364483521.5200071,5973735299.2616205,7.697004869471315,mock_market
2026-07-17,000468,演示证券468,65.9587830131376,-0.24497672696827608,879835986.0956911,25245110930.805958,7.218036500837504,mock_market
2026-07-17,000469,演示证券469,46.24991518957824,-1.2380336229455389,266294488.53155464,6710267257.871723,5.961048584014074,mock_market
2026-07-17,000470,演示证券470,112.37433315711428,1.50644593403787,271417709.7902621,2041986671.8925626,1.4562905278257916,mock_market
2026-07-17,000471,演示证券471,58.717656740230794,2.0029771832698997,1708069228.2647207,36097571035.06576,2.184957319970461,mock_market
2026-07-17,000472,演示证券472,43.418908882217245,-1.2732089554499495,265531686.85650337,3971468994.0889897,5.13369352361277,mock_market
2026-07-17,000473,演示证券473,12.051747435525114,-2.517814004960408,134261218.88473228,2925496627.645935,7.4867483337829395,mock_market
2026-07-17,000474,演示证券474,60.43193186156778,-0.9164862108279759,970963944.8780885,4034182917.414774,3.7114841571398913,mock_market
2026-07-17,000475,演示证券475,38.269408407161116,1.6771136746868422,59236527.49381065,1461810188.5021129,1.3243199212598085,mock_market
2026-07-17,000476,演示证券476,37.38889503162511,0.53904882238672,284597576.46030945,47397471016.91358,6.26107067803983,mock_market
2026-07-17,000477,演示证券477,29.708137176284154,-1.2610806025586183,106291431.23511153,2779032413.2805634,0.9682872852584288,mock_market
2026-07-17,000478,演示证券478,34.64853532146684,-1.2999803056452026,329985302.6605301,7531285980.317535,2.688879047872939,mock_market
2026-07-17,000479,演示证券479,41.26953540723017,-1.472842229822101,1147262724.2968612,2379483968.9601173,4.278147273318597,mock_market
2026-07-17,000480,演示证券480,91.93855406341842,1.0960840887447763,83717776.78950633,3093616261.9466524,3.2009840643677197,mock_market
2026-07-17,000481,演示证券481,10.345888888017555,-0.279727995645053,593859780.8415502,2103125050.324591,7.1989994297336475,mock_market
2026-07-17,000482,演示证券482,66.50760877095897,-1.5495943781834218,434519011.2683229,55936428533.159035,0.5202660446373667,mock_market
2026-07-17,000483,演示证券483,8.079154053055095,-0.46692255980197095,1489122533.0953088,3926937014.0904994,7.2518733806105065,mock_market
2026-07-17,000484,演示证券484,37.65991779754095,2.087366180891502,108034012.75271045,13796646015.112265,1.716797693978818,mock_market
2026-07-17,000485,演示证券485,69.1426917718997,0.23008734092032912,102227820.71442518,11835989633.066124,5.811937135649831,mock_market
2026-07-17,000486,演示证券486,101.90575421908564,1.9670884439175795,114027372.05279228,12719981636.016787,5.296512770479461,mock_market
2026-07-17,000487,演示证券487,119.02300964856077,-2.5762203711633505,715202111.1613212,14340425029.34731,3.4908824366661735,mock_market
2026-07-17,000488,演示证券488,105.54176905544368,2.080970578855493,44832459.57755204,1805873626.8640888,7.016153466085936,mock_market
2026-07-17,000489,演示证券489,43.459923682610494,2.4456380490175005,136895370.3860794,3081373179.6483808,0.6006366179207467,mock_market
2026-07-17,000490,演示证券490,111.4801036001084,0.7040688627562204,203437292.27240202,11394369030.153463,3.1965503405535842,mock_market
2026-07-17,000491,演示证券491,36.134254758573796,0.7173391667515816,143514024.0838885,22090779640.885323,1.5711389858791533,mock_market
2026-07-17,000492,演示证券492,76.97508705075437,-2.3995220595350375,187884374.74352318,13034074464.821182,7.4311426072036575,mock_market
2026-07-17,000493,演示证券493,59.76310360115192,2.205538815838909,875827264.4372088,3132082565.2292833,3.455240201083325,mock_market
2026-07-17,000494,演示证券494,23.076205335985698,-0.6156779636640639,129673160.70244232,9428838925.040598,3.005891427127069,mock_market
2026-07-17,000495,演示证券495,112.88141923299388,-0.9605454036540011,464557142.9694601,18323175635.07377,5.106418930346574,mock_market
2026-07-17,000496,演示证券496,77.53814502130889,0.06388516901130592,360898301.7498383,20422818920.232662,0.8427714344668424,mock_market
2026-07-17,000497,演示证券497,4.592939876348799,0.7466614205711153,97242199.19029127,5773370338.605014,0.8646950768236166,mock_market
2026-07-17,000498,演示证券498,10.965508578124247,-0.09433157793594105,214070076.25444847,1426233086.935785,2.35523272305897,mock_market
2026-07-17,000499,演示证券499,60.97420843444188,-1.8674274443163241,562812708.2640692,32201836253.303677,2.9067438666532,mock_market
2026-07-17,000500,演示证券500,93.57734654524087,-0.5720107886138437,269834357.5522453,34907404381.710365,2.021026936617324,mock_market
2026-07-17,000501,演示证券501,104.52156407083534,-0.3996847187902214,368405035.8059759,2774304320.3896394,6.62606355796443,mock_market
2026-07-17,000502,演示证券502,17.306312861704747,-1.7002677726798334,58178346.74742895,1704259450.8925595,1.2000954812266873,mock_market
2026-07-17,000503,演示证券503,48.66388903174147,0.5509224745528998,133104644.03742819,895340334.7379558,2.544829651705587,mock_market
2026-07-17,000504,演示证券504,19.132071830234928,-2.83810793915274,103395173.381798,5345020341.584786,0.7285835372420348,mock_market
2026-07-17,000505,演示证券505,7.767220349810499,-2.1229291192800597,528412926.0614304,1230095084.8770125,4.223716835132685,mock_market
2026-07-17,000506,演示证券506,19.86897192853335,-1.3912470566340918,733286549.8399466,1693476605.442998,1.6358373013809278,mock_market
2026-07-17,000507,演示证券507,108.47258867200117,1.1053781767138957,548641642.1844227,6779384810.719047,3.2963789882741357,mock_market
2026-07-17,000508,演示证券508,44.51303933750197,0.3069508808430646,135794783.13747606,5389803061.662961,7.4825074542943755,mock_market
2026-07-17,000509,演示证券509,60.57692031562704,0.7530897463075346,129440442.61165504,14050061928.594795,1.6935718185834017,mock_market
2026-07-17,000510,演示证券510,48.00075172753675,1.3631502671661448,174802468.7720984,3316993231.651221,4.421616719301569,mock_market
2026-07-17,000511,演示证券511,100.23555374294617,4.176959564605189,161352832.33158714,4566700872.1186695,6.660680668747974,mock_market
2026-07-17,000512,演示证券512,91.74956749807033,-0.3637073209131588,128986060.4291079,9060310865.066298,1.931063399757901,mock_market
2026-07-17,000513,演示证券513,62.14204232960717,1.0714016185438662,372757085.23939556,1169048491.4836206,7.220786225407971,mock_market
2026-07-17,000514,演示证券514,117.69901489059852,0.32150237124369224,1344762050.5300438,4823233995.849978,3.002755907699132,mock_market
2026-07-17,000515,演示证券515,85.35686901542319,-3.373338030677244,1104224972.3477855,13024959162.078695,2.3566658662570243,mock_market
2026-07-17,000516,演示证券516,12.454611911003793,-2.466477166857527,368814620.88099784,1466188588.230319,7.062786903353734,mock_market
2026-07-17,000517,演示证券517,42.94916295245167,-1.049724977823023,315577335.2870483,27616205419.210068,5.46606418649316,mock_market
2026-07-17,000518,演示证券518,78.38932771522357,-3.37365272569187,247611301.0003979,5769050683.661552,6.9694062162075765,mock_market
2026-07-17,000519,演示证券519,80.36068852756165,-1.157484407692802,273098711.8520636,2037673569.358658,4.449124134385789,mock_market
2026-07-17,000520,演示证券520,95.66849506073407,-0.5401864313067245,333549739.93704116,9198780180.097332,7.093255350812258,mock_market
2026-07-17,000521,演示证券521,26.83545526794049,2.8375294904603567,82415756.9411608,2647374973.436621,4.253789901940004,mock_market
2026-07-17,000522,演示证券522,94.10402888939352,1.588116741110253,88939548.93021259,5365372690.872152,0.25315409517897686,mock_market
2026-07-17,000523,演示证券523,78.32145613565628,0.10529509467423392,171061506.50091344,4044583908.633883,4.987383513930744,mock_market
2026-07-17,000524,演示证券524,117.82697163067157,1.3447168777875638,318558903.3212867,2072557641.1861458,2.0417358707938,mock_market
2026-07-17,000525,演示证券525,20.564821165616372,2.0581879742061404,114652056.41149426,2432398994.9499536,0.8995830495081427,mock_market
2026-07-17,000526,演示证券526,41.85857060798846,-1.0087716238449036,1508100314.896555,6341288574.138931,3.073085149588883,mock_market
2026-07-17,000527,演示证券527,35.26783135251801,-2.6259223374857528,343053271.8701268,1058193847.3927817,4.199841099319855,mock_market
2026-07-17,000528,演示证券528,71.07590581820172,-1.628218785396166,558713119.7204679,16298816887.20938,6.4525407341444465,mock_market
2026-07-17,000529,演示证券529,79.9313485383978,-0.7968860890548206,218997257.74208677,1920870393.8221424,4.311261774180381,mock_market
2026-07-17,000530,演示证券530,35.187910745700236,3.1981515976656607,628627852.9420745,32446494208.476006,3.909628709724085,mock_market
2026-07-17,000531,演示证券531,67.85648366699094,1.4864989085517848,342055334.798118,11102734311.390303,4.533185497329928,mock_market
2026-07-17,000532,演示证券532,21.00892747658577,-1.8090818124723966,713850064.324499,4495535652.287129,1.7150054649572872,mock_market
2026-07-17,000533,演示证券533,32.04200476035284,1.9018670638045285,163512803.38439974,1434265717.7201662,6.59091360148551,mock_market
2026-07-17,000534,演示证券534,45.005592045570204,-1.2436954838772087,65849187.82867281,12056585670.078768,2.1184492793979968,mock_market
2026-07-17,000535,演示证券535,31.84445301669775,-1.624740282188805,492587459.8752324,23753892383.320484,1.7526835756851333,mock_market
2026-07-17,000536,演示证券536,60.38802308706827,4.070803625277134,1587204538.2203743,2032779556.5808766,0.4145025663624584,mock_market
2026-07-17,000537,演示证券537,75.97608247649069,-1.0798298976204288,115830704.96329002,5413723579.864686,4.854483204214845,mock_market
2026-07-17,000538,演示证券538,103.76594013706709,1.0211126869699616,1037380123.647337,1077954686.3904426,7.6876953273480515,mock_market
2026-07-17,000539,演示证券539,39.42972394610302,-0.45263940584245604,590253539.1520948,1285176176.2638412,5.146785051979161,mock_market
2026-07-17,000540,演示证券540,101.47716889532697,0.43943015064753593,205411178.5763234,9099779256.66014,6.577599926524287,mock_market
2026-07-17,000541,演示证券541,75.95604653701373,-3.4347966334450017,212396224.03360355,2767465981.679583,5.9680256162800065,mock_market
2026-07-17,000542,演示证券542,48.884868765093614,-3.642312575808931,119431217.49717379,4176231012.4171925,2.5799676386530903,mock_market
2026-07-17,000543,演示证券543,13.185770027278114,0.04940842568164505,166151240.18568617,3618347892.227819,6.777063251412751,mock_market
2026-07-17,000544,演示证券544,20.405595693181763,-1.1814304122222326,1125550482.4728203,2763389903.8455367,6.219625042862663,mock_market
2026-07-17,000545,演示证券545,114.6137278120489,-0.6109370558731702,142202290.2331108,11694139902.330614,7.241124169648144,mock_market
2026-07-17,000546,演示证券546,72.53449363398354,-0.744788308931903,579754211.8642453,7008263182.050438,4.146851251287915,mock_market
2026-07-17,000547,演示证券547,49.06434558393294,0.7338793260107326,286541060.673361,12594111468.757336,0.31289876669925243,mock_market
2026-07-17,000548,演示证券548,78.7049055711667,1.1554114828136368,93895538.2605739,12086708322.490536,3.5069882115035815,mock_market
2026-07-17,000549,演示证券549,61.99032970608818,-1.0767297967663247,298496307.20515823,18901994126.735947,1.3749683934355996,mock_market
2026-07-17,000550,演示证券550,23.940427215796884,2.705643131662197,176541223.16344938,3491384767.848648,7.147622558639509,mock_market
2026-07-17,000551,演示证券551,24.138454587852333,-0.7382662592635565,163940853.5719461,2301901849.604264,4.5721603873556935,mock_market
2026-07-17,000552,演示证券552,72.3879703687163,0.5620478914265248,448755364.7164416,7347879111.15904,5.701035450408804,mock_market
2026-07-17,000553,演示证券553,96.82537080593725,-0.7390869067142167,209587455.31484404,6712842000.035953,6.214756029718958,mock_market
2026-07-17,000554,演示证券554,39.23963810440643,0.5792116524387538,206209014.0093144,10258976625.7845,3.503991115477071,mock_market
2026-07-17,000555,演示证券555,16.872395476994967,1.720752749307772,235586973.45811352,1668582999.088353,7.775697543510151,mock_market
2026-07-17,000556,演示证券556,64.26089410601523,-0.22325482307689684,427117554.31903875,24843946237.448696,4.476325770870222,mock_market
2026-07-17,000557,演示证券557,81.4884107140209,0.33561759523734486,191350636.9155475,2759634166.131287,2.1398959874334484,mock_market
2026-07-17,000558,演示证券558,65.57330896686989,-2.837668632776734,485332721.70561975,2597176025.524757,5.2465880145632235,mock_market
2026-07-17,000559,演示证券559,87.88550049824232,-0.5478037010713281,239260264.80551133,6658388669.265684,6.545768880139317,mock_market
2026-07-17,000560,演示证券560,4.2551973278705795,-1.1660289149383605,187036151.08048987,2775463915.0968566,2.0812214607253523,mock_market
2026-07-17,000561,演示证券561,45.45802836013205,-1.7417930866700708,246477380.92125118,5279970868.971256,3.4705966168589866,mock_market
2026-07-17,000562,演示证券562,101.43890971121743,-4.140828660096115,272375688.06902874,1666029559.7154787,7.018787012330413,mock_market
2026-07-17,000563,演示证券563,26.551983291224563,2.246903813732211,189559379.58555952,31602341080.697296,0.45582906859781364,mock_market
2026-07-17,000564,演示证券564,63.4486143658739,-0.7997294301754685,759239748.9010717,4609604541.797746,7.671544238187166,mock_market
2026-07-17,000565,演示证券565,54.89234789769661,0.446229089215691,395910437.3164284,2171656155.326166,2.2579826794090265,mock_market
2026-07-17,000566,演示证券566,10.565270039498994,-1.2330774934062338,161149349.08028156,19264311422.43078,3.358814297648217,mock_market
2026-07-17,000567,演示证券567,18.01407623413907,-1.642063093910872,497801846.5297801,17915294815.806957,1.7488804014140777,mock_market
2026-07-17,000568,演示证券568,45.686186128541316,-0.4942522911029058,254622857.54002336,14235959973.71695,0.7003905671649344,mock_market
2026-07-17,000569,演示证券569,68.74995892103118,0.017245901456433316,691004177.069238,813748676.6662968,6.799806225740013,mock_market
2026-07-17,000570,演示证券570,74.17458808667641,2.3446252760726467,1122274463.4986274,958215122.0653741,3.9140957113884967,mock_market
2026-07-17,000571,演示证券571,10.713957151521848,-2.9434022745445296,453440047.80328584,579293153.4558576,7.585449842961602,mock_market
2026-07-17,000572,演示证券572,85.19461101254234,-0.9170324964740464,82340498.2549228,6182405303.810239,1.2834566940375367,mock_market
2026-07-17,000573,演示证券573,101.94945684647732,-0.7224751860890499,106693241.06720735,7853549036.813499,1.8201493030394684,mock_market
2026-07-17,000574,演示证券574,7.955837287576388,0.41277129644307425,349440451.1013235,1852874802.5362716,0.8542961525632458,mock_market
2026-07-17,000575,演示证券575,34.44915314802681,-0.4817247964027571,165331406.9724165,8235770392.900519,6.098898149870417,mock_market
2026-07-17,000576,演示证券576,15.580616017198645,-0.9374607087891074,215537536.7605414,4281003220.371195,5.8724930102142,mock_market
2026-07-17,000577,演示证券577,107.69039336537422,-2.1547959023093446,81093704.72431387,13123233876.23085,3.0618276988991653,mock_market
2026-07-17,000578,演示证券578,44.467233527336916,-0.8601801708366088,187660498.39713794,6504702110.844547,4.350303340325502,mock_market
2026-07-17,000579,演示证券579,87.24738269072498,0.8926880247875366,403926189.9660592,1052576166.3804224,6.275622704554872,mock_market
2026-07-17,000580,演示证券580,98.15330599642115,0.3853201175391256,89851984.97806054,40867010242.865074,5.447411718029211,mock_market
2026-07-17,000581,演示证券581,81.06343630975854,1.0359998826273065,209189832.40975717,14488522631.951496,6.674647008653375,mock_market
2026-07-17,000582,演示证券582,23.982624751348116,-2.527662592466599,278439989.47993714,2508322477.551455,3.0716155096212012,mock_market
2026-07-17,000583,演示证券583,13.185080773714448,-1.234896107513784,736263132.4475713,4203544115.8589087,1.0167245732660994,mock_market
2026-07-17,000584,演示证券584,61.24171177499268,0.4323358755556436,226516270.33692595,8576424266.135005,0.7930767919132935,mock_market
2026-07-17,000585,演示证券585,27.458973572155557,1.381018295734129,129042244.45383193,3134633018.6047926,2.348361623477564,mock_market
2026-07-17,000586,演示证券586,35.938145821657464,-3.4913771391904915,304414037.48001254,425900616.2708357,4.662222885538935,mock_market
2026-07-17,000587,演示证券587,19.809760135255168,-0.9796997529094964,354791611.6339103,1396195937.1161656,3.168007179279459,mock_market
2026-07-17,000588,演示证券588,72.51791492767764,0.18696203197594508,545461686.7991086,39509552930.56212,5.544453526255955,mock_market
2026-07-17,000589,演示证券589,91.91264425231647,-1.13855076682976,220796951.3961161,16398531323.058718,3.1479170360020534,mock_market
2026-07-17,000590,演示证券590,67.85982264530357,0.05945587081587722,622359306.0641795,4896360995.41693,4.114621150964696,mock_market
2026-07-17,000591,演示证券591,98.75436296291387,0.935088061823359,237054529.4632896,3789976704.0752945,5.389210142057823,mock_market
2026-07-17,000592,演示证券592,103.45927904471706,1.1443083490097727,349970714.66878533,2541325512.8587103,4.09309003361756,mock_market
2026-07-17,000593,演示证券593,117.32169670675194,0.12669047681161816,720768750.8287472,1008461783.3725865,3.3636392336207868,mock_market
2026-07-17,000594,演示证券594,24.53683164225288,-0.6418462359082406,111477420.73214614,2332995073.670588,7.65744951627071,mock_market
2026-07-17,000595,演示证券595,86.08161901041535,0.4502821270770188,125564972.89520015,3681419817.3987956,1.9805853852251654,mock_market
2026-07-17,000596,演示证券596,34.055232242349675,-1.761067090015278,124400120.70880789,19430075143.55536,0.27174869057588674,mock_market
2026-07-17,000597,演示证券597,104.33043518554742,-1.2951017571795762,59953490.80056008,1060606886.7847097,2.3622757123260496,mock_market
2026-07-17,000598,演示证券598,98.67903261933,0.6435993406895011,226549611.8140221,2400811918.504262,5.678731321606825,mock_market
2026-07-17,000599,演示证券599,79.20312387653246,1.102016731229031,246412423.26926523,7660342481.078559,7.093648603047592,mock_market
2026-07-17,000600,演示证券600,99.76602494210479,-1.9118000955769252,35929453.61236052,3041602682.155412,1.2080829574844418,mock_market
